date,usd_flow,nav,perf_pct,cumulative_flow,daily_inflow,daily_outflow
2021-01-04,301000.0,70.11,0.04963,301000.0,301000.0,0.0
2021-01-05,0.0,79.76,0.137704,301000.0,0.0,0.0
2021-01-06,-5498000.0,80.86,0.013697,-5197000.0,0.0,-5498000.0
2021-01-07,-1470000.0,81.65,0.009767,-6667000.0,0.0,-1470000.0
2021-01-08,-353000.0,78.55,-0.037919,-7020000.0,0.0,-353000.0
2021-01-11,-809000.0,82.69,0.05264,-7829000.0,0.0,-809000.0
2021-01-12,356000.0,83.05,0.004457,-7473000.0,356000.0,0.0
2021-01-13,0.0,81.4,-0.019924,-7473000.0,0.0,0.0
2021-01-14,-2517000.0,76.03,-0.065974,-9990000.0,0.0,-2517000.0
2021-01-15,0.0,81.75,0.075187,-9990000.0,0.0,0.0
2021-01-20,-869000.0,66.84,-0.182331,-10859000.0,0.0,-869000.0
2021-01-21,710000.0,64.0,-0.042499,-10149000.0,710000.0,0.0
2021-01-22,3528000.0,60.83,-0.049525,-6621000.0,3528000.0,0.0
2021-01-25,1071000.0,71.37,0.17322,-5550000.0,1071000.0,0.0
2021-01-26,447000.0,74.5,0.043824,-5103000.0,447000.0,0.0
2021-01-27,-1602000.0,80.08,0.075016,-6705000.0,0.0,-1602000.0
2021-01-29,-4307000.0,68.06,-0.15012,-11012000.0,0.0,-4307000.0
2021-02-01,-1181000.0,90.81,0.334249,-12193000.0,0.0,-1181000.0
2021-02-03,-2639000.0,85.38,-0.059829,-14832000.0,0.0,-2639000.0
2021-02-04,-1653000.0,97.24,0.138961,-16485000.0,0.0,-1653000.0
2021-02-05,-735000.0,91.9,-0.054905,-17220000.0,0.0,-735000.0
2021-02-08,0.0,93.93,0.022107,-17220000.0,0.0,0.0
2021-02-09,-4053000.0,90.07,-0.041165,-21273000.0,0.0,-4053000.0
2021-02-10,0.0,95.42,0.059436,-21273000.0,0.0,0.0
2021-02-11,911000.0,91.14,-0.044815,-20362000.0,911000.0,0.0
2021-02-12,562000.0,95.01,0.042378,-19800000.0,562000.0,0.0
2021-02-16,1065000.0,105.58,0.1113,-18735000.0,1065000.0,0.0
2021-02-17,-2381000.0,110.76,0.049044,-21116000.0,0.0,-2381000.0
2021-02-18,-3327000.0,103.97,-0.061334,-24443000.0,0.0,-3327000.0
2021-02-19,425000.0,106.15,0.020978,-24018000.0,425000.0,0.0
2021-02-22,-903000.0,100.29,-0.055143,-24921000.0,0.0,-903000.0
2021-02-23,-138000.0,92.19,-0.080816,-25059000.0,0.0,-138000.0
2021-02-24,1551000.0,86.16,-0.06541,-23508000.0,1551000.0,0.0
2021-02-25,0.0,84.51,-0.019111,-23508000.0,0.0,0.0
2021-02-26,592000.0,84.51,-7.7e-05,-22916000.0,592000.0,0.0
2021-03-01,0.0,85.3,0.00938,-22916000.0,0.0,0.0
2021-03-02,1809000.0,90.47,0.060593,-21107000.0,1809000.0,0.0
2021-03-03,616000.0,88.01,-0.027209,-20491000.0,616000.0,0.0
2021-03-04,-654000.0,81.7,-0.071676,-21145000.0,0.0,-654000.0
2021-03-05,-156000.0,77.99,-0.045377,-21301000.0,0.0,-156000.0
2021-03-08,0.0,74.53,-0.044311,-21301000.0,0.0,0.0
2021-03-09,1115000.0,74.33,-0.002714,-20186000.0,1115000.0,0.0
2021-03-10,616000.0,76.99,0.035748,-19570000.0,616000.0,0.0
2021-03-11,0.0,74.9,-0.02711,-19570000.0,0.0,0.0
2021-03-12,348000.0,69.6,-0.070726,-19222000.0,348000.0,0.0
2021-03-15,0.0,61.14,-0.121541,-19222000.0,0.0,0.0
2021-03-16,0.0,65.96,0.078809,-19222000.0,0.0,0.0
2021-03-17,0.0,62.9,-0.046417,-19222000.0,0.0,0.0
2021-03-18,897000.0,59.79,-0.049451,-18325000.0,897000.0,0.0
2021-03-19,2097000.0,63.56,0.062968,-16228000.0,2097000.0,0.0
2021-03-22,672000.0,67.17,0.056912,-15556000.0,672000.0,0.0
2021-03-23,408000.0,62.72,-0.066263,-15148000.0,408000.0,0.0
2021-03-24,510000.0,63.8,0.017128,-14638000.0,510000.0,0.0
2021-03-25,-604000.0,67.14,0.052389,-15242000.0,0.0,-604000.0
2021-03-26,0.0,67.36,0.003289,-15242000.0,0.0,0.0
2021-03-29,0.0,69.53,0.032241,-15242000.0,0.0,0.0
2021-03-30,-742000.0,67.45,-0.029992,-15984000.0,0.0,-742000.0
2021-03-31,-531000.0,66.38,-0.015733,-16515000.0,0.0,-531000.0
2021-04-01,-480000.0,68.62,0.033661,-16995000.0,0.0,-480000.0
2021-04-05,0.0,59.82,-0.128181,-16995000.0,0.0,0.0
2021-04-06,0.0,56.62,-0.053517,-16995000.0,0.0,0.0
2021-04-07,486000.0,60.7,0.072074,-16509000.0,486000.0,0.0
2021-04-08,-246000.0,61.4,0.011473,-16755000.0,0.0,-246000.0
2021-04-09,1226000.0,61.28,-0.001915,-15529000.0,1226000.0,0.0
2021-04-12,0.0,63.94,0.043407,-15529000.0,0.0,0.0
2021-04-13,0.0,67.54,0.056292,-15529000.0,0.0,0.0
2021-04-14,-874000.0,67.26,-0.004196,-16403000.0,0.0,-874000.0
2021-04-15,1250000.0,69.43,0.032347,-15153000.0,1250000.0,0.0
2021-04-16,0.0,71.21,0.025588,-15153000.0,0.0,0.0
2021-04-19,-754000.0,75.42,0.059141,-15907000.0,0.0,-754000.0
2021-04-20,-746000.0,74.55,-0.011509,-16653000.0,0.0,-746000.0
2021-04-21,0.0,72.37,-0.029302,-16653000.0,0.0,0.0
2021-04-22,0.0,76.33,0.054731,-16653000.0,0.0,0.0
2021-04-23,-677000.0,75.22,-0.014568,-17330000.0,0.0,-677000.0
2021-04-26,0.0,79.19,0.05281,-17330000.0,0.0,0.0
2021-04-27,0.0,84.04,0.061249,-17330000.0,0.0,0.0
2021-04-28,0.0,85.38,0.015943,-17330000.0,0.0,0.0
2021-04-29,-649000.0,81.12,-0.049881,-17979000.0,0.0,-649000.0
2021-04-30,-1403000.0,82.51,0.017137,-19382000.0,0.0,-1403000.0
2021-05-03,0.0,85.48,0.03603,-19382000.0,0.0,0.0
2021-05-04,-1706000.0,85.31,-0.002075,-21088000.0,0.0,-1706000.0
2021-05-05,-497000.0,82.75,-0.029949,-21585000.0,0.0,-497000.0
2021-05-06,0.0,82.08,-0.008128,-21585000.0,0.0,0.0
2021-05-07,0.0,84.56,0.030191,-21585000.0,0.0,0.0
2021-05-10,1565000.0,82.36,-0.025983,-20020000.0,1565000.0,0.0
2021-05-11,-1682000.0,84.09,0.021055,-21702000.0,0.0,-1682000.0
2021-05-12,0.0,85.68,0.018899,-21702000.0,0.0,0.0
2021-05-13,649000.0,86.48,0.009239,-21053000.0,649000.0,0.0
2021-05-14,0.0,85.87,-0.006993,-21053000.0,0.0,0.0
2021-05-17,-685000.0,97.84,0.139391,-21738000.0,0.0,-685000.0
2021-05-18,-905000.0,90.52,-0.07483,-22643000.0,0.0,-905000.0
2021-05-19,-1033000.0,86.12,-0.048611,-23676000.0,0.0,-1033000.0
2021-05-20,-1082000.0,83.22,-0.033614,-24758000.0,0.0,-1082000.0
2021-05-21,-7000.0,82.3,-0.011049,-24765000.0,0.0,-7000.0
2021-05-24,7000.0,80.88,-0.017249,-24758000.0,7000.0,0.0
2021-05-25,287000.0,82.02,0.01402,-24471000.0,287000.0,0.0
2021-05-26,0.0,86.29,0.052037,-24471000.0,0.0,0.0
2021-05-27,0.0,80.58,-0.066077,-24471000.0,0.0,0.0
2021-05-28,0.0,82.93,0.029133,-24471000.0,0.0,0.0
2021-06-01,742000.0,92.75,0.118383,-23729000.0,742000.0,0.0
2021-06-02,989000.0,89.9,-0.030783,-22740000.0,989000.0,0.0
2021-06-03,-1303000.0,86.84,-0.034022,-24043000.0,0.0,-1303000.0
2021-06-04,-915000.0,91.51,0.053868,-24958000.0,0.0,-915000.0
2021-06-07,0.0,89.29,-0.024308,-24958000.0,0.0,0.0
2021-06-08,0.0,93.69,0.049278,-24958000.0,0.0,0.0
2021-06-09,564000.0,94.08,0.004127,-24394000.0,564000.0,0.0
2021-06-10,0.0,95.99,0.020364,-24394000.0,0.0,0.0
2021-06-11,-1091000.0,109.05,0.136078,-25485000.0,0.0,-1091000.0
2021-06-14,-857000.0,114.28,0.047922,-26342000.0,0.0,-857000.0
2021-06-15,0.0,103.03,-0.098467,-26342000.0,0.0,0.0
2021-06-16,-1567000.0,104.45,0.013795,-27909000.0,0.0,-1567000.0
2021-06-17,0.0,104.54,0.000853,-27909000.0,0.0,0.0
2021-06-18,-9000.0,100.87,-0.03505,-27918000.0,0.0,-9000.0
2021-06-21,9000.0,98.88,-0.019775,-27909000.0,9000.0,0.0
2021-06-22,0.0,104.52,0.057091,-27909000.0,0.0,0.0
2021-06-23,-557000.0,111.34,0.065219,-28466000.0,0.0,-557000.0
2021-06-24,0.0,119.55,0.073727,-28466000.0,0.0,0.0
2021-06-25,0.0,128.47,0.074583,-28466000.0,0.0,0.0
2021-06-28,0.0,136.36,0.061473,-28466000.0,0.0,0.0
2021-06-29,-3506000.0,140.25,0.028482,-31972000.0,0.0,-3506000.0
2021-06-30,-1139000.0,142.34,0.014893,-33111000.0,0.0,-1139000.0
2021-07-01,-1719000.0,143.27,0.006551,-34830000.0,0.0,-1719000.0
2021-07-02,-590000.0,147.52,0.029658,-35420000.0,0.0,-590000.0
2021-07-06,0.0,140.24,-0.049365,-35420000.0,0.0,0.0
2021-07-07,354000.0,136.26,-0.028337,-35066000.0,354000.0,0.0
2021-07-08,1028000.0,146.89,0.077981,-34038000.0,1028000.0,0.0
2021-07-09,364000.0,145.72,-0.00793,-33674000.0,364000.0,0.0
2021-07-12,1004000.0,154.51,0.060279,-32670000.0,1004000.0,0.0
2021-07-13,0.0,148.43,-0.039305,-32670000.0,0.0,0.0
2021-07-14,0.0,144.8,-0.024506,-32670000.0,0.0,0.0
2021-07-15,-1673000.0,139.44,-0.037005,-34343000.0,0.0,-1673000.0
2021-07-19,312000.0,156.03,0.118967,-34031000.0,312000.0,0.0
2021-07-20,0.0,168.24,0.078289,-34031000.0,0.0,0.0
2021-07-21,0.0,179.51,0.066948,-34031000.0,0.0,0.0
2021-07-22,-1740000.0,185.1,0.031182,-35771000.0,0.0,-1740000.0
2021-07-23,0.0,193.19,0.043682,-35771000.0,0.0,0.0
2021-07-26,0.0,199.18,0.031001,-35771000.0,0.0,0.0
2021-07-27,0.0,179.08,-0.100899,-35771000.0,0.0,0.0
2021-07-28,-824000.0,183.16,0.022769,-36595000.0,0.0,-824000.0
2021-07-29,0.0,195.74,0.068704,-36595000.0,0.0,0.0
2021-07-30,0.0,175.48,-0.103519,-36595000.0,0.0,0.0
2021-08-02,0.0,177.86,0.013547,-36595000.0,0.0,0.0
2021-08-03,-1525000.0,190.58,0.071526,-38120000.0,0.0,-1525000.0
2021-08-04,0.0,209.14,0.097393,-38120000.0,0.0,0.0
2021-08-05,-827000.0,206.86,-0.010893,-38947000.0,0.0,-827000.0
2021-08-06,0.0,207.74,0.004265,-38947000.0,0.0,0.0
2021-08-09,-490000.0,195.97,-0.056661,-39437000.0,0.0,-490000.0
2021-08-10,300000.0,200.03,0.020689,-39137000.0,300000.0,0.0
2021-08-11,0.0,195.64,-0.021943,-39137000.0,0.0,0.0
2021-08-12,0.0,178.25,-0.088873,-39137000.0,0.0,0.0
2021-08-13,0.0,168.66,-0.053786,-39137000.0,0.0,0.0
2021-08-16,0.0,179.39,0.063572,-39137000.0,0.0,0.0
2021-08-17,0.0,164.96,-0.080406,-39137000.0,0.0,0.0
2021-08-18,417000.0,166.71,0.010621,-38720000.0,417000.0,0.0
2021-08-19,0.0,162.89,-0.022919,-38720000.0,0.0,0.0
2021-08-20,663000.0,165.75,0.017572,-38057000.0,663000.0,0.0
2021-08-23,1596000.0,177.35,0.069949,-36461000.0,1596000.0,0.0
2021-08-24,275000.0,171.78,-0.031386,-36186000.0,275000.0,0.0
2021-08-25,-867000.0,173.45,0.009713,-37053000.0,0.0,-867000.0
2021-08-26,-416000.0,208.08,0.199658,-37469000.0,0.0,-416000.0
2021-08-30,0.0,221.51,0.06455,-37469000.0,0.0,0.0
2021-08-31,-2547000.0,231.56,0.045352,-40016000.0,0.0,-2547000.0
2021-09-01,-3711000.0,268.9,0.161262,-43727000.0,0.0,-3711000.0
2021-09-02,685000.0,273.9,0.018575,-43042000.0,685000.0,0.0
2021-09-03,-4864000.0,286.13,0.044681,-47906000.0,0.0,-4864000.0
2021-09-07,1038000.0,259.56,-0.092882,-46868000.0,1038000.0,0.0
2021-09-08,-1908000.0,318.08,0.225472,-48776000.0,0.0,-1908000.0
2021-09-09,0.0,339.21,0.066442,-48776000.0,0.0,0.0
2021-09-10,-640000.0,320.09,-0.056378,-49416000.0,0.0,-640000.0
2021-09-13,566000.0,377.18,0.178339,-48850000.0,566000.0,0.0
2021-09-14,-768000.0,383.92,0.017872,-49618000.0,0.0,-768000.0
2021-09-15,0.0,427.84,0.1144,-49618000.0,0.0,0.0
2021-09-16,-1287000.0,402.16,-0.060025,-50905000.0,0.0,-1287000.0
2021-09-17,758000.0,350.72,-0.127888,-50147000.0,758000.0,0.0
2021-09-20,0.0,325.44,-0.072103,-50147000.0,0.0,0.0
2021-09-21,-1457000.0,291.36,-0.104706,-51604000.0,0.0,-1457000.0
2021-09-22,1971000.0,294.16,0.009609,-49633000.0,1971000.0,0.0
2021-09-23,655000.0,327.53,0.113424,-48978000.0,655000.0,0.0
2021-09-27,4864000.0,463.26,0.414429,-44114000.0,4864000.0,0.0
2021-09-28,0.0,497.97,0.074931,-44114000.0,0.0,0.0
2021-09-29,-5007000.0,400.6,-0.195549,-49121000.0,0.0,-5007000.0
2021-09-30,-4031000.0,485.62,0.212234,-53152000.0,0.0,-4031000.0
2021-10-01,129000.0,430.14,-0.114236,-53023000.0,129000.0,0.0
2021-10-04,1386000.0,462.05,0.074192,-51637000.0,1386000.0,0.0
2021-10-05,0.0,585.46,0.267088,-51637000.0,0.0,0.0
2021-10-06,0.0,413.67,-0.293429,-51637000.0,0.0,0.0
2021-10-07,-208000.0,416.64,0.007165,-51845000.0,0.0,-208000.0
2021-10-08,-591000.0,393.81,-0.054783,-52436000.0,0.0,-591000.0
2021-10-11,0.0,350.9,-0.108966,-52436000.0,0.0,0.0
2021-10-12,2290000.0,381.7,0.08777,-50146000.0,2290000.0,0.0
2021-10-13,400000.0,400.09,0.048199,-49746000.0,400000.0,0.0
2021-10-14,2293000.0,416.88,0.041943,-47453000.0,2293000.0,0.0
2021-10-15,0.0,368.81,-0.115297,-47453000.0,0.0,0.0
2021-10-18,-1403000.0,298.57,-0.190442,-48856000.0,0.0,-1403000.0
2021-10-19,0.0,318.49,0.066702,-48856000.0,0.0,0.0
2021-10-20,2348000.0,335.42,0.053161,-46508000.0,2348000.0,0.0
2021-10-21,1586000.0,317.13,-0.054546,-44922000.0,1586000.0,0.0
2021-10-22,570000.0,335.22,0.057055,-44352000.0,570000.0,0.0
2021-10-25,0.0,440.65,0.314522,-44352000.0,0.0,0.0
2021-10-26,1071000.0,428.58,-0.027397,-43281000.0,1071000.0,0.0
2021-10-27,935000.0,467.37,0.090507,-42346000.0,935000.0,0.0
2021-10-28,-6968000.0,376.65,-0.1941,-49314000.0,0.0,-6968000.0
2021-10-29,-622000.0,310.81,-0.174817,-49936000.0,0.0,-622000.0
2021-11-01,-1638000.0,272.97,-0.121747,-51574000.0,0.0,-1638000.0
2021-11-02,1786000.0,324.66,0.189355,-49788000.0,1786000.0,0.0
2021-11-03,3488000.0,348.81,0.074389,-46300000.0,3488000.0,0.0
2021-11-04,2714000.0,357.1,0.02379,-43586000.0,2714000.0,0.0
2021-11-05,961000.0,320.3,-0.103055,-42625000.0,961000.0,0.0
2021-11-08,-2454000.0,299.26,-0.065697,-45079000.0,0.0,-2454000.0
2021-11-09,367000.0,229.38,-0.233515,-44712000.0,367000.0,0.0
2021-11-10,-540000.0,215.99,-0.058366,-45252000.0,0.0,-540000.0
2021-11-11,0.0,250.22,0.158499,-45252000.0,0.0,0.0
2021-11-12,1001000.0,200.17,-0.20002,-44251000.0,1001000.0,0.0
2021-11-15,7160000.0,227.29,0.135444,-37091000.0,7160000.0,0.0
2021-11-16,0.0,249.26,0.09669,-37091000.0,0.0,0.0
2021-11-17,0.0,201.64,-0.191057,-37091000.0,0.0,0.0
2021-11-18,-529000.0,211.66,0.049671,-37620000.0,0.0,-529000.0
2021-11-19,-1846000.0,230.8,0.090459,-39466000.0,0.0,-1846000.0
2021-11-22,1344000.0,191.97,-0.168244,-38122000.0,1344000.0,0.0
2021-11-23,574000.0,212.73,0.108112,-37548000.0,574000.0,0.0
2021-11-24,300000.0,222.52,0.046069,-37248000.0,300000.0,0.0
2021-11-26,484000.0,268.66,0.20731,-36764000.0,484000.0,0.0
2021-11-29,0.0,179.06,-0.333486,-36764000.0,0.0,0.0
2021-11-30,-897000.0,149.53,-0.164909,-37661000.0,0.0,-897000.0
2021-12-01,-884000.0,117.87,-0.211781,-38545000.0,0.0,-884000.0
2021-12-02,2035000.0,101.73,-0.136881,-36510000.0,2035000.0,0.0
2021-12-03,860000.0,107.53,0.056957,-35650000.0,860000.0,0.0
2021-12-06,576000.0,72.03,-0.330128,-35074000.0,576000.0,0.0
2021-12-07,1312000.0,74.94,0.040478,-33762000.0,1312000.0,0.0
2021-12-08,2099000.0,80.75,0.077449,-31663000.0,2099000.0,0.0
2021-12-09,2292000.0,81.87,0.01388,-29371000.0,2292000.0,0.0
2021-12-10,0.0,88.67,0.083024,-29371000.0,0.0,0.0
2021-12-13,1005000.0,80.44,-0.09281,-28366000.0,1005000.0,0.0
2021-12-14,0.0,76.88,-0.044182,-28366000.0,0.0,0.0
2021-12-15,0.0,80.0,0.040536,-28366000.0,0.0,0.0
2021-12-16,1534000.0,76.72,-0.040963,-26832000.0,1534000.0,0.0
2021-12-17,0.0,71.37,-0.069726,-26832000.0,0.0,0.0
2021-12-20,0.0,77.9,0.091438,-26832000.0,0.0,0.0
2021-12-21,351000.0,78.02,0.001569,-26481000.0,351000.0,0.0
2021-12-22,412000.0,82.45,0.056717,-26069000.0,412000.0,0.0
2021-12-23,0.0,69.19,-0.160845,-26069000.0,0.0,0.0
2021-12-27,-340000.0,84.99,0.228419,-26409000.0,0.0,-340000.0
2021-12-28,0.0,82.29,-0.031806,-26409000.0,0.0,0.0
2021-12-29,254000.0,79.25,-0.036951,-26155000.0,254000.0,0.0
2021-12-30,0.0,62.45,-0.211913,-26155000.0,0.0,0.0
2021-12-31,104000.0,69.1,0.106474,-26051000.0,104000.0,0.0
2022-01-03,0.0,76.14,0.101796,-26051000.0,0.0,0.0
2022-01-04,0.0,70.17,-0.078379,-26051000.0,0.0,0.0
2022-01-05,0.0,77.69,0.107121,-26051000.0,0.0,0.0
2022-01-06,977000.0,75.17,-0.032422,-25074000.0,977000.0,0.0
2022-01-07,786000.0,78.6,0.045699,-24288000.0,786000.0,0.0
2022-01-10,0.0,85.34,0.085685,-24288000.0,0.0,0.0
2022-01-11,0.0,93.8,0.099139,-24288000.0,0.0,0.0
2022-01-12,-2874000.0,114.98,0.225811,-27162000.0,0.0,-2874000.0
2022-01-13,-1742000.0,96.75,-0.158496,-28904000.0,0.0,-1742000.0
2022-01-14,-2037000.0,101.83,0.052481,-30941000.0,0.0,-2037000.0
2022-01-18,-2299000.0,99.97,-0.018268,-33240000.0,0.0,-2299000.0
2022-01-19,881000.0,88.14,-0.118316,-32359000.0,881000.0,0.0
2022-01-20,190000.0,75.83,-0.139639,-32169000.0,190000.0,0.0
2022-01-21,0.0,81.94,0.080512,-32169000.0,0.0,0.0
2022-01-24,441000.0,88.22,0.076635,-31728000.0,441000.0,0.0
2022-01-25,2822000.0,91.04,0.031937,-28906000.0,2822000.0,0.0
2022-01-26,1601000.0,100.03,0.098808,-27305000.0,1601000.0,0.0
2022-01-27,-573000.0,114.69,0.146504,-27878000.0,0.0,-573000.0
2022-01-28,-682000.0,136.43,0.189595,-28560000.0,0.0,-682000.0
2022-01-31,-2633000.0,154.88,0.135221,-31193000.0,0.0,-2633000.0
2022-02-01,-3763000.0,144.73,-0.065532,-34956000.0,0.0,-3763000.0
2022-02-02,-7956000.0,189.44,0.308886,-42912000.0,0.0,-7956000.0
2022-02-03,0.0,152.92,-0.192762,-42912000.0,0.0,0.0
2022-02-04,-2092000.0,130.75,-0.144984,-45004000.0,0.0,-2092000.0
2022-02-07,0.0,105.05,-0.19653,-45004000.0,0.0,0.0
2022-02-08,0.0,106.6,0.014768,-45004000.0,0.0,0.0
2022-02-09,443000.0,88.66,-0.168342,-44561000.0,443000.0,0.0
2022-02-10,346000.0,86.39,-0.025593,-44215000.0,346000.0,0.0
2022-02-11,1632000.0,85.91,-0.005522,-42583000.0,1632000.0,0.0
2022-02-14,3504000.0,100.11,0.165223,-39079000.0,3504000.0,0.0
2022-02-15,3213000.0,105.69,0.055784,-35866000.0,3213000.0,0.0
2022-02-16,0.0,129.09,0.221371,-35866000.0,0.0,0.0
2022-02-17,-1420000.0,118.35,-0.083221,-37286000.0,0.0,-1420000.0
2022-02-18,-2845000.0,113.79,-0.038457,-40131000.0,0.0,-2845000.0
2022-02-22,-2768000.0,120.36,0.057659,-42899000.0,0.0,-2768000.0
2022-02-23,0.0,130.17,0.081555,-42899000.0,0.0,0.0
2022-02-24,0.0,134.49,0.033145,-42899000.0,0.0,0.0
2022-02-25,0.0,119.66,-0.110241,-42899000.0,0.0,0.0
2022-02-28,1602000.0,114.43,-0.043702,-41297000.0,1602000.0,0.0
2022-03-01,641000.0,128.25,0.120728,-40656000.0,641000.0,0.0
2022-03-02,720000.0,144.05,0.123232,-39936000.0,720000.0,0.0
2022-03-03,697000.0,139.43,-0.032035,-39239000.0,697000.0,0.0
2022-03-04,0.0,165.92,0.189938,-39239000.0,0.0,0.0
2022-03-07,-2595000.0,148.29,-0.10624,-41834000.0,0.0,-2595000.0
2022-03-08,0.0,121.41,-0.181305,-41834000.0,0.0,0.0
2022-03-09,-303000.0,121.27,-0.001127,-42137000.0,0.0,-303000.0
2022-03-10,779000.0,129.91,0.071287,-41358000.0,779000.0,0.0
2022-03-11,-552000.0,138.06,0.06272,-41910000.0,0.0,-552000.0
2022-03-14,331000.0,132.27,-0.041926,-41579000.0,331000.0,0.0
2022-03-15,-376000.0,125.42,-0.051838,-41955000.0,0.0,-376000.0
2022-03-16,-1382000.0,138.22,0.102058,-43337000.0,0.0,-1382000.0
2022-03-17,0.0,158.3,0.145281,-43337000.0,0.0,0.0
2022-03-18,0.0,147.31,-0.069393,-43337000.0,0.0,0.0
2022-03-21,0.0,149.87,0.017383,-43337000.0,0.0,0.0
2022-03-22,-882000.0,176.34,0.176596,-44219000.0,0.0,-882000.0
2022-03-23,-3532000.0,181.15,0.027261,-47751000.0,0.0,-3532000.0
2022-03-24,-1092000.0,198.61,0.09643,-48843000.0,0.0,-1092000.0
2022-03-25,0.0,216.41,0.089586,-48843000.0,0.0,0.0
2022-03-28,-2710000.0,208.44,-0.036828,-51553000.0,0.0,-2710000.0
2022-03-29,-1301000.0,185.91,-0.108087,-52854000.0,0.0,-1301000.0
2022-03-30,-537000.0,214.6,0.15435,-53391000.0,0.0,-537000.0
2022-03-31,0.0,219.48,0.022724,-53391000.0,0.0,0.0
2022-04-01,-1382000.0,230.32,0.049395,-54773000.0,0.0,-1382000.0
2022-04-04,0.0,230.04,-0.001243,-54773000.0,0.0,0.0
2022-04-05,0.0,267.54,0.163045,-54773000.0,0.0,0.0
2022-04-06,0.0,267.39,-0.000557,-54773000.0,0.0,0.0
2022-04-07,-1242000.0,310.58,0.161532,-56015000.0,0.0,-1242000.0
2022-04-08,-3499000.0,299.03,-0.037189,-59514000.0,0.0,-3499000.0
2022-04-11,0.0,350.55,0.172279,-59514000.0,0.0,0.0
2022-04-12,-3034000.0,356.93,0.018206,-62548000.0,0.0,-3034000.0
2022-04-13,0.0,410.6,0.150359,-62548000.0,0.0,0.0
2022-04-14,0.0,466.9,0.137102,-62548000.0,0.0,0.0
2022-04-18,0.0,567.76,0.216026,-62548000.0,0.0,0.0
2022-04-19,632000.0,421.59,-0.257448,-61916000.0,632000.0,0.0
2022-04-20,-4387000.0,388.19,-0.079224,-66303000.0,0.0,-4387000.0
2022-04-21,0.0,393.21,0.012921,-66303000.0,0.0,0.0
2022-04-22,0.0,321.64,-0.182,-66303000.0,0.0,0.0
2022-04-25,-2048000.0,341.29,0.06108,-68351000.0,0.0,-2048000.0
2022-04-26,0.0,367.56,0.076982,-68351000.0,0.0,0.0
2022-04-27,0.0,424.94,0.156116,-68351000.0,0.0,0.0
2022-04-28,-1047000.0,349.14,-0.178374,-69398000.0,0.0,-1047000.0
2022-04-29,403000.0,403.18,0.154763,-68995000.0,403000.0,0.0
2022-05-02,0.0,437.79,0.085838,-68995000.0,0.0,0.0
2022-05-03,0.0,517.43,0.181915,-68995000.0,0.0,0.0
2022-05-04,1208000.0,603.85,0.167017,-67787000.0,1208000.0,0.0
2022-05-05,-8971000.0,682.7,0.130587,-76758000.0,0.0,-8971000.0
2022-05-06,-8409000.0,517.5,-0.241978,-85167000.0,0.0,-8409000.0
2022-05-09,0.0,322.28,-0.377238,-85167000.0,0.0,0.0
2022-05-10,-594000.0,371.09,0.151452,-85761000.0,0.0,-594000.0
2022-05-11,1025000.0,410.08,0.105059,-84736000.0,1025000.0,0.0
2022-05-12,1284000.0,428.05,0.04382,-83452000.0,1284000.0,0.0
2022-05-13,3389000.0,416.86,-0.026131,-80063000.0,3389000.0,0.0
2022-05-16,0.0,462.91,0.110458,-80063000.0,0.0,0.0
2022-05-17,782000.0,521.6,0.126798,-79281000.0,782000.0,0.0
2022-05-18,-1334000.0,533.52,0.022856,-80615000.0,0.0,-1334000.0
2022-05-19,-2878000.0,523.26,-0.019238,-83493000.0,0.0,-2878000.0
2022-05-20,0.0,482.26,-0.078358,-83493000.0,0.0,0.0
2022-05-23,0.0,595.83,0.23549,-83493000.0,0.0,0.0
2022-05-24,0.0,597.62,0.00301,-83493000.0,0.0,0.0
2022-05-25,0.0,628.07,0.050948,-83493000.0,0.0,0.0
2022-05-26,-609000.0,608.71,-0.030814,-84102000.0,0.0,-609000.0
2022-05-27,-2383000.0,574.13,-0.056811,-86485000.0,0.0,-2383000.0
2022-05-31,824000.0,460.56,-0.197816,-85661000.0,824000.0,0.0
2022-06-01,2491000.0,553.57,0.201945,-83170000.0,2491000.0,0.0
2022-06-02,0.0,513.01,-0.073271,-83170000.0,0.0,0.0
2022-06-03,0.0,519.52,0.012688,-83170000.0,0.0,0.0
2022-06-06,0.0,665.18,0.280378,-83170000.0,0.0,0.0
2022-06-07,2518000.0,659.13,-0.009083,-80652000.0,2518000.0,0.0
2022-06-08,1330000.0,531.92,-0.192999,-79322000.0,1330000.0,0.0
2022-06-09,-7352000.0,587.68,0.104823,-86674000.0,0.0,-7352000.0
2022-06-10,-1047000.0,565.82,-0.037194,-87721000.0,0.0,-1047000.0
2022-06-13,10533000.0,517.1,-0.086106,-77188000.0,10533000.0,0.0
2022-06-14,-985000.0,259.26,-0.498619,-78173000.0,0.0,-985000.0
2022-06-15,1549000.0,281.61,0.086206,-76624000.0,1549000.0,0.0
2022-06-16,711000.0,284.23,0.009304,-75913000.0,711000.0,0.0
2022-06-17,8915000.0,222.87,-0.215897,-66998000.0,8915000.0,0.0
2022-06-21,211000.0,211.34,-0.051719,-66787000.0,211000.0,0.0
2022-06-22,0.0,219.99,0.040893,-66787000.0,0.0,0.0
2022-06-23,2196000.0,166.39,-0.243618,-64591000.0,2196000.0,0.0
2022-06-24,214000.0,164.64,-0.010543,-64377000.0,214000.0,0.0
2022-06-27,0.0,186.87,0.135054,-64377000.0,0.0,0.0
2022-06-28,2109000.0,188.32,0.007762,-62268000.0,2109000.0,0.0
2022-06-29,914000.0,182.8,-0.029314,-61354000.0,914000.0,0.0
2022-06-30,253000.0,89.81,-0.508695,-61101000.0,253000.0,0.0
2022-07-01,264000.0,105.8,0.177996,-60837000.0,264000.0,0.0
2022-07-05,0.0,93.29,-0.118274,-60837000.0,0.0,0.0
2022-07-06,3088000.0,93.03,-0.002769,-57749000.0,3088000.0,0.0
2022-07-07,1593000.0,132.73,0.42678,-56156000.0,1593000.0,0.0
2022-07-08,1140000.0,113.97,-0.141352,-55016000.0,1140000.0,0.0
2022-07-11,737000.0,133.96,0.175446,-54279000.0,737000.0,0.0
2022-07-12,-862000.0,114.98,-0.141667,-55141000.0,0.0,-862000.0
2022-07-13,-738000.0,147.68,0.284366,-55879000.0,0.0,-738000.0
2022-07-14,0.0,142.85,-0.032692,-55879000.0,0.0,0.0
2022-07-15,680000.0,170.06,0.190446,-55199000.0,680000.0,0.0
2022-07-18,0.0,203.23,0.195023,-55199000.0,0.0,0.0
2022-07-19,-551000.0,183.61,-0.096536,-55750000.0,0.0,-551000.0
2022-07-20,0.0,240.76,0.311302,-55750000.0,0.0,0.0
2022-07-21,-2096000.0,232.86,-0.032816,-57846000.0,0.0,-2096000.0
2022-07-22,534000.0,267.22,0.147563,-57312000.0,534000.0,0.0
2022-07-25,-1525000.0,304.98,0.141285,-58837000.0,0.0,-1525000.0
2022-07-26,-2316000.0,330.86,0.084851,-61153000.0,0.0,-2316000.0
2022-07-27,-751000.0,300.6,-0.091454,-61904000.0,0.0,-751000.0
2022-07-28,-2574000.0,257.44,-0.143581,-64478000.0,0.0,-2574000.0
2022-07-29,-399000.0,266.0,0.033242,-64877000.0,0.0,-399000.0
2022-08-01,0.0,271.04,0.018957,-64877000.0,0.0,0.0
2022-08-02,0.0,215.72,-0.204113,-64877000.0,0.0,0.0
2022-08-03,0.0,263.12,0.219766,-64877000.0,0.0,0.0
2022-08-04,-5789000.0,248.98,-0.053752,-70666000.0,0.0,-5789000.0
2022-08-05,486000.0,243.18,-0.023305,-70180000.0,486000.0,0.0
2022-08-08,-200000.0,200.5,-0.175507,-70380000.0,0.0,-200000.0
2022-08-09,-242000.0,220.09,0.09769,-70622000.0,0.0,-242000.0
2022-08-10,753000.0,251.05,0.140695,-69869000.0,753000.0,0.0
2022-08-11,1341000.0,311.94,0.242554,-68528000.0,1341000.0,0.0
2022-08-12,479000.0,299.06,-0.041291,-68049000.0,479000.0,0.0
2022-08-15,-1481000.0,296.2,-0.009568,-69530000.0,0.0,-1481000.0
2022-08-16,0.0,355.04,0.198652,-69530000.0,0.0,0.0
2022-08-17,-9709000.0,346.74,-0.023385,-79239000.0,0.0,-9709000.0
2022-08-18,-1628000.0,340.58,-0.017759,-80867000.0,0.0,-1628000.0
2022-08-19,-1426000.0,356.38,0.046398,-82293000.0,0.0,-1426000.0
2022-08-22,0.0,393.38,0.103822,-82293000.0,0.0,0.0
2022-08-23,334000.0,334.44,-0.149845,-81959000.0,334000.0,0.0
2022-08-24,-2626000.0,350.09,0.046811,-84585000.0,0.0,-2626000.0
2022-08-25,-1601000.0,355.69,0.015995,-86186000.0,0.0,-1601000.0
2022-08-26,692000.0,345.83,-0.027723,-85494000.0,692000.0,0.0
2022-08-29,0.0,353.38,0.021815,-85494000.0,0.0,0.0
2022-08-30,0.0,319.88,-0.094793,-85494000.0,0.0,0.0
2022-08-31,658000.0,328.94,0.028326,-84836000.0,658000.0,0.0
2022-09-01,0.0,344.08,0.046014,-84836000.0,0.0,0.0
2022-09-02,87000.0,290.97,-0.154341,-84749000.0,87000.0,0.0
2022-09-06,-1756000.0,228.05,-0.21626,-86505000.0,0.0,-1756000.0
2022-09-07,-505000.0,202.14,-0.113618,-87010000.0,0.0,-505000.0
2022-09-08,2490000.0,207.5,0.026564,-84520000.0,2490000.0,0.0
2022-09-09,853000.0,213.31,0.027959,-83667000.0,853000.0,0.0
2022-09-12,465000.0,232.3,0.089067,-83202000.0,465000.0,0.0
2022-09-13,0.0,236.71,0.018979,-83202000.0,0.0,0.0
2022-09-14,2761000.0,306.73,0.295771,-80441000.0,2761000.0,0.0
2022-09-15,-687000.0,228.84,-0.253915,-81128000.0,0.0,-687000.0
2022-09-16,0.0,184.05,-0.195726,-81128000.0,0.0,0.0
2022-09-19,0.0,184.05,-4.2e-05,-81128000.0,0.0,0.0
2022-09-20,-818000.0,181.69,-0.012819,-81946000.0,0.0,-818000.0
2022-09-21,371000.0,185.67,0.021922,-81575000.0,371000.0,0.0
2022-09-22,1645000.0,143.01,-0.229781,-79930000.0,1645000.0,0.0
2022-09-23,0.0,132.83,-0.071145,-79930000.0,0.0,0.0
2022-09-26,0.0,134.6,0.013341,-79930000.0,0.0,0.0
2022-09-27,1221000.0,120.93,-0.101574,-78709000.0,1221000.0,0.0
2022-09-28,725000.0,131.83,0.090129,-77984000.0,725000.0,0.0
2022-09-29,836000.0,128.65,-0.024153,-77148000.0,836000.0,0.0
2022-09-30,1494000.0,124.49,-0.032334,-75654000.0,1494000.0,0.0
2022-10-03,0.0,110.64,-0.111209,-75654000.0,0.0,0.0
2022-10-04,978000.0,128.74,0.163598,-74676000.0,978000.0,0.0
2022-10-05,925000.0,132.08,0.025934,-73751000.0,925000.0,0.0
2022-10-06,3151000.0,132.41,0.002491,-70600000.0,3151000.0,0.0
2022-10-07,0.0,121.72,-0.080762,-70600000.0,0.0,0.0
2022-10-10,0.0,108.5,-0.108601,-70600000.0,0.0,0.0
2022-10-11,0.0,115.26,0.062299,-70600000.0,0.0,0.0
2022-10-12,0.0,107.33,-0.068784,-70600000.0,0.0,0.0
2022-10-13,290000.0,120.77,0.125204,-70310000.0,290000.0,0.0
2022-10-14,0.0,110.82,-0.082422,-70310000.0,0.0,0.0
2022-10-17,600000.0,95.29,-0.140083,-69710000.0,600000.0,0.0
2022-10-18,0.0,85.88,-0.098733,-69710000.0,0.0,0.0
2022-10-19,717000.0,74.73,-0.129821,-68993000.0,717000.0,0.0
2022-10-20,405000.0,71.09,-0.048763,-68588000.0,405000.0,0.0
2022-10-21,1700000.0,58.63,-0.175239,-66888000.0,1700000.0,0.0
2022-10-24,887000.0,67.19,0.145975,-66001000.0,887000.0,0.0
2022-10-25,3574000.0,80.32,0.195381,-62427000.0,3574000.0,0.0
2022-10-26,1553000.0,78.82,-0.018663,-60874000.0,1553000.0,0.0
2022-10-27,626000.0,69.53,-0.117875,-60248000.0,626000.0,0.0
2022-10-28,525000.0,63.31,-0.089462,-59723000.0,525000.0,0.0
2022-10-31,0.0,84.17,0.329528,-59723000.0,0.0,0.0
2022-11-01,0.0,64.03,-0.239266,-59723000.0,0.0,0.0
2022-11-02,0.0,80.11,0.251138,-59723000.0,0.0,0.0
2022-11-03,403000.0,70.67,-0.117907,-59320000.0,403000.0,0.0
2022-11-04,424000.0,84.87,0.200953,-58896000.0,424000.0,0.0
2022-11-07,0.0,103.34,0.217646,-58896000.0,0.0,0.0
2022-11-08,-51000.0,72.7,-0.296455,-58947000.0,0.0,-51000.0
2022-11-09,-1877000.0,62.57,-0.139341,-60824000.0,0.0,-1877000.0
2022-11-10,-892000.0,74.37,0.188488,-61716000.0,0.0,-892000.0
2022-11-11,0.0,62.89,-0.15426,-61716000.0,0.0,0.0
2022-11-14,3635000.0,63.78,0.014006,-58081000.0,3635000.0,0.0
2022-11-15,5157000.0,66.72,0.04613,-52924000.0,5157000.0,0.0
2022-11-16,-883000.0,73.56,0.102567,-53807000.0,0.0,-883000.0
2022-11-17,0.0,78.36,0.065183,-53807000.0,0.0,0.0
2022-11-18,1249000.0,78.07,-0.003681,-52558000.0,1249000.0,0.0
2022-11-21,-191000.0,95.37,0.221658,-52749000.0,0.0,-191000.0
2022-11-22,0.0,103.92,0.089642,-52749000.0,0.0,0.0
2022-11-23,-2000000.0,117.66,0.132223,-54749000.0,0.0,-2000000.0
2022-11-25,-2225000.0,101.12,-0.140599,-56974000.0,0.0,-2225000.0
2022-11-28,-7980000.0,96.15,-0.049125,-64954000.0,0.0,-7980000.0
2022-11-29,-989000.0,98.87,0.028236,-65943000.0,0.0,-989000.0
2022-11-30,0.0,87.73,-0.112622,-65943000.0,0.0,0.0
2022-12-01,0.0,80.51,-0.082256,-65943000.0,0.0,0.0
2022-12-02,510000.0,63.69,-0.208978,-65433000.0,510000.0,0.0
2022-12-05,718000.0,42.48,-0.332974,-64715000.0,718000.0,0.0
2022-12-06,2093000.0,40.02,-0.057959,-62622000.0,2093000.0,0.0
2022-12-07,9452000.0,45.36,0.133327,-53170000.0,9452000.0,0.0
2022-12-08,8689000.0,50.17,0.106046,-44481000.0,8689000.0,0.0
2022-12-09,2488000.0,56.54,0.127165,-41993000.0,2488000.0,0.0
2022-12-12,366000.0,64.3,0.137082,-41627000.0,366000.0,0.0
2022-12-13,1004000.0,73.83,0.148304,-40623000.0,1004000.0,0.0
2022-12-14,-9066000.0,57.38,-0.222822,-49689000.0,0.0,-9066000.0
2022-12-15,-1842000.0,63.51,0.10677,-51531000.0,0.0,-1842000.0
2022-12-16,-1973000.0,56.37,-0.112329,-53504000.0,0.0,-1973000.0
2022-12-19,0.0,45.85,-0.186751,-53504000.0,0.0,0.0
2022-12-20,449000.0,34.51,-0.247228,-53055000.0,449000.0,0.0
2022-12-21,0.0,34.4,-0.003082,-53055000.0,0.0,0.0
2022-12-22,5679000.0,26.22,-0.237953,-47376000.0,5679000.0,0.0
2022-12-23,4859000.0,25.97,-0.009442,-42517000.0,4859000.0,0.0
2022-12-27,0.0,27.08,0.042895,-42517000.0,0.0,0.0
2022-12-28,925000.0,21.86,-0.192721,-41592000.0,925000.0,0.0
2022-12-29,2058000.0,20.66,-0.05504,-39534000.0,2058000.0,0.0
2022-12-30,3684000.0,20.47,-0.009438,-35850000.0,3684000.0,0.0
2023-01-03,1766000.0,13.54,-0.338202,-34084000.0,1766000.0,0.0
2023-01-04,0.0,15.1,0.114548,-34084000.0,0.0,0.0
2023-01-05,3365000.0,10.86,-0.280893,-30719000.0,3365000.0,0.0
2023-01-06,3497000.0,10.53,-0.029738,-27222000.0,3497000.0,0.0
2023-01-09,884000.0,12.13,0.1513,-26338000.0,884000.0,0.0
2023-01-10,4316000.0,9.6,-0.208113,-22022000.0,4316000.0,0.0
2023-01-11,238000.0,9.92,0.032544,-21784000.0,238000.0,0.0
2023-01-12,1348000.0,10.02,0.010911,-20436000.0,1348000.0,0.0
2023-01-13,3117000.0,8.71,-0.130748,-17319000.0,3117000.0,0.0
2023-01-17,2745000.0,9.15,0.050358,-14574000.0,2745000.0,0.0
2023-01-18,297000.0,8.03,-0.12302,-14277000.0,297000.0,0.0
2023-01-19,1649000.0,8.24,0.027247,-12628000.0,1649000.0,0.0
2023-01-20,3334000.0,7.58,-0.080884,-9294000.0,3334000.0,0.0
2023-01-23,1499000.0,8.82,0.163424,-7795000.0,1499000.0,0.0
2023-01-24,656000.0,7.67,-0.129525,-7139000.0,656000.0,0.0
2023-01-25,0.0,6.7,-0.127539,-7139000.0,0.0,0.0
2023-01-26,405000.0,6.31,-0.057349,-6734000.0,405000.0,0.0
2023-01-27,4705000.0,6.36,0.007343,-2029000.0,4705000.0,0.0
2023-01-30,4665000.0,5.38,-0.15309,2636000.0,4665000.0,0.0
2023-01-31,1952000.0,5.44,0.011011,4588000.0,1952000.0,0.0
2023-02-01,1685000.0,4.22,-0.224318,6273000.0,1685000.0,0.0
2023-02-02,1687000.0,4.15,-0.016517,7960000.0,1687000.0,0.0
2023-02-03,906000.0,3.95,-0.049915,8866000.0,906000.0,0.0
2023-02-06,0.0,4.21,0.066626,8866000.0,0.0,0.0
2023-02-07,5977000.0,4.85,0.1527,14843000.0,5977000.0,0.0
2023-02-08,530000.0,3.86,-0.205034,15373000.0,530000.0,0.0
2023-02-09,6480000.0,3.92,0.017737,21853000.0,6480000.0,0.0
2023-02-10,1046000.0,4.45,0.134548,22899000.0,1046000.0,0.0
2023-02-13,4995000.0,3.99,-0.105067,27894000.0,4995000.0,0.0
2023-02-14,293000.0,4.52,0.134114,28187000.0,293000.0,0.0
2023-02-15,0.0,4.06,-0.10263,28187000.0,0.0,0.0
2023-02-16,759000.0,3.74,-0.078589,28946000.0,759000.0,0.0
2023-02-17,179000.0,3.13,-0.161434,29125000.0,179000.0,0.0
2023-02-21,285000.0,2.46,-0.216113,29410000.0,285000.0,0.0
2023-02-22,5628000.0,2.85,0.160633,35038000.0,5628000.0,0.0
2023-02-23,7095000.0,3.38,0.18445,42133000.0,7095000.0,0.0
2023-02-24,7855000.0,3.81,0.128603,49988000.0,7855000.0,0.0
2023-02-27,438000.0,4.45,0.168885,50426000.0,438000.0,0.0
2023-02-28,-3367000.0,4.5,0.010558,47059000.0,0.0,-3367000.0
2023-03-01,-4099000.0,4.88,0.083855,42960000.0,0.0,-4099000.0
2023-03-02,-2102000.0,4.66,-0.044804,40858000.0,0.0,-2102000.0
2023-03-03,-4330000.0,5.83,0.250442,36528000.0,0.0,-4330000.0
2023-03-06,-283000.0,3.54,-0.39233,36245000.0,0.0,-283000.0
2023-03-07,-3485000.0,3.97,0.120894,32760000.0,0.0,-3485000.0
2023-03-08,2836000.0,3.46,-0.128839,35596000.0,2836000.0,0.0
2023-03-09,5494000.0,3.35,-0.03125,41090000.0,5494000.0,0.0
2023-03-10,0.0,2.91,-0.131187,41090000.0,0.0,0.0
2023-03-13,0.0,3.44,0.183267,41090000.0,0.0,0.0
2023-03-14,2505000.0,3.27,-0.049506,43595000.0,2505000.0,0.0
2023-03-15,1803000.0,2.74,-0.163406,45398000.0,1803000.0,0.0
2023-03-16,0.0,2.97,0.084836,45398000.0,0.0,0.0
2023-03-17,0.0,2.42,-0.184994,45398000.0,0.0,0.0
2023-03-20,426000.0,2.13,-0.119323,45824000.0,426000.0,0.0
2023-03-21,3959000.0,2.55,0.193692,49783000.0,3959000.0,0.0
2023-03-22,5410000.0,2.06,-0.191788,55193000.0,5410000.0,0.0
2023-03-23,8710000.0,2.01,-0.022347,63903000.0,8710000.0,0.0
2023-03-24,0.0,2.18,0.083113,63903000.0,0.0,0.0
2023-03-27,1333000.0,1.83,-0.161483,65236000.0,1333000.0,0.0
2023-03-28,500000.0,1.67,-0.087827,65736000.0,500000.0,0.0
2023-03-29,2067000.0,1.8,0.077979,67803000.0,2067000.0,0.0
2023-03-30,3649000.0,1.6,-0.110227,71452000.0,3649000.0,0.0
2023-03-31,944000.0,1.82,0.136162,72396000.0,944000.0,0.0
2023-04-03,1348000.0,1.52,-0.160484,73744000.0,1348000.0,0.0
2023-04-04,2304000.0,1.55,0.014193,76048000.0,2304000.0,0.0
2023-04-05,2874000.0,1.62,0.047404,78922000.0,2874000.0,0.0
2023-04-06,332000.0,1.33,-0.180115,79254000.0,332000.0,0.0
2023-04-07,0.0,1.33,0.0,79254000.0,0.0,0.0
2023-04-10,0.0,1.55,0.164999,79254000.0,0.0,0.0
2023-04-11,0.0,1.52,-0.017042,79254000.0,0.0,0.0
2023-04-12,926000.0,1.36,-0.102543,80180000.0,926000.0,0.0
2023-04-13,2011000.0,1.26,-0.078942,82191000.0,2011000.0,0.0
2023-04-14,1765000.0,1.44,0.142079,83956000.0,1765000.0,0.0
2023-04-17,6617000.0,1.62,0.126229,90573000.0,6617000.0,0.0
2023-04-18,4541000.0,1.73,0.071296,95114000.0,4541000.0,0.0
2023-04-19,-3578000.0,1.49,-0.13917,91536000.0,0.0,-3578000.0
2023-04-20,-2069000.0,1.55,0.041755,89467000.0,0.0,-2069000.0
2023-04-21,-1669000.0,1.5,-0.031943,87798000.0,0.0,-1669000.0
2023-04-24,5368000.0,1.63,0.082112,93166000.0,5368000.0,0.0
2023-04-25,1196000.0,1.55,-0.044926,94362000.0,1196000.0,0.0
2023-04-26,0.0,1.32,-0.151763,94362000.0,0.0,0.0
2023-04-27,-911000.0,1.4,0.063768,93451000.0,0.0,-911000.0
2023-04-28,1379000.0,1.45,0.035351,94830000.0,1379000.0,0.0
2023-05-02,2674000.0,1.19,-0.181112,97504000.0,2674000.0,0.0
2023-05-03,-1751000.0,1.1,-0.070714,95753000.0,0.0,-1751000.0
2023-05-04,1901000.0,1.02,-0.080024,97654000.0,1901000.0,0.0
2023-05-05,3183000.0,1.05,0.031387,100837000.0,3183000.0,0.0
2023-05-08,0.0,1.17,0.117683,100837000.0,0.0,0.0
2023-05-09,3010000.0,1.19,0.017486,103847000.0,3010000.0,0.0
2023-05-10,5965000.0,1.06,-0.110874,109812000.0,5965000.0,0.0
2023-05-11,-4044000.0,1.07,0.013275,105768000.0,0.0,-4044000.0
2023-05-12,0.0,1.21,0.122256,105768000.0,0.0,0.0
2023-05-15,671000.0,1.34,0.112816,106439000.0,671000.0,0.0
2023-05-16,0.0,1.32,-0.017092,106439000.0,0.0,0.0
2023-05-17,-2817000.0,1.28,-0.028701,103622000.0,0.0,-2817000.0
2023-05-18,-3724000.0,1.58,0.235716,99898000.0,0.0,-3724000.0
2023-05-19,-1935000.0,1.56,-0.016088,97963000.0,0.0,-1935000.0
2023-05-22,0.0,1.31,-0.161069,97963000.0,0.0,0.0
2023-05-23,-5388000.0,1.22,-0.066267,92575000.0,0.0,-5388000.0
2023-05-24,-931000.0,1.33,0.091269,91644000.0,0.0,-931000.0
2023-05-25,2553000.0,1.2,-0.095286,94197000.0,2553000.0,0.0
2023-05-26,1251000.0,1.13,-0.063261,95448000.0,1251000.0,0.0
2023-05-30,0.0,1.01,-0.106343,95448000.0,0.0,0.0
2023-05-31,1403000.0,0.94,-0.07195,96851000.0,1403000.0,0.0
2023-06-01,4002000.0,0.83,-0.108085,100853000.0,4002000.0,0.0
2023-06-02,2533000.0,0.86,0.034356,103386000.0,2533000.0,0.0
2023-06-05,0.0,0.94,0.087558,103386000.0,0.0,0.0
2023-06-06,3489000.0,0.96,0.019082,106875000.0,3489000.0,0.0
2023-06-07,7431000.0,1.02,0.06555,114306000.0,7431000.0,0.0
2023-06-08,295000.0,1.02,-0.00091,114601000.0,295000.0,0.0
2023-06-09,-978000.0,0.89,-0.126284,113623000.0,0.0,-978000.0
2023-06-12,-497000.0,0.9,0.01042,113126000.0,0.0,-497000.0
2023-06-13,978000.0,0.98,0.0878,114104000.0,978000.0,0.0
2023-06-14,2444000.0,0.98,5.1e-05,116548000.0,2444000.0,0.0
2023-06-15,0.0,1.21,0.23595,116548000.0,0.0,0.0
2023-06-16,-2312000.0,1.36,0.125527,114236000.0,0.0,-2312000.0
2023-06-20,505000.0,1.12,-0.174331,114741000.0,505000.0,0.0
2023-06-21,-9247000.0,1.27,0.127932,105494000.0,0.0,-9247000.0
2023-06-22,-8885000.0,1.31,0.031559,96609000.0,0.0,-8885000.0
2023-06-23,1491000.0,1.5,0.144796,98100000.0,1491000.0,0.0
2023-06-26,0.0,1.57,0.046885,98100000.0,0.0,0.0
2023-06-27,-1105000.0,1.38,-0.118142,96995000.0,0.0,-1105000.0
2023-06-28,-5717000.0,1.22,-0.118622,91278000.0,0.0,-5717000.0
2023-06-29,-1945000.0,1.28,0.051059,89333000.0,0.0,-1945000.0
2023-06-30,0.0,1.4,0.092576,89333000.0,0.0,0.0
2023-07-03,4700000.0,1.29,-0.077697,94033000.0,4700000.0,0.0
2023-07-05,0.0,1.2,-0.065387,94033000.0,0.0,0.0
2023-07-06,0.0,1.14,-0.049891,94033000.0,0.0,0.0
2023-07-07,0.0,1.11,-0.033413,94033000.0,0.0,0.0
2023-07-10,6058000.0,1.2,0.083008,100091000.0,6058000.0,0.0
2023-07-11,1267000.0,1.27,0.057164,101358000.0,1267000.0,0.0
2023-07-12,1511000.0,1.13,-0.104506,102869000.0,1511000.0,0.0
2023-07-13,0.0,1.06,-0.065957,102869000.0,0.0,0.0
2023-07-14,0.0,1.06,0.001845,102869000.0,0.0,0.0
2023-07-17,1484000.0,1.03,-0.028344,104353000.0,1484000.0,0.0
2023-07-18,4640000.0,1.16,0.128977,108993000.0,4640000.0,0.0
2023-07-19,1646000.0,1.12,-0.037471,110639000.0,1646000.0,0.0
2023-07-20,901000.0,1.3,0.155406,111540000.0,901000.0,0.0
2023-07-21,-558000.0,1.28,-0.014821,110982000.0,0.0,-558000.0
2023-07-24,-707000.0,1.25,-0.018005,110275000.0,0.0,-707000.0
2023-07-25,-3086000.0,1.34,0.070955,107189000.0,0.0,-3086000.0
2023-07-26,-4477000.0,1.27,-0.051365,102712000.0,0.0,-4477000.0
2023-07-27,-1021000.0,1.14,-0.101411,101691000.0,0.0,-1021000.0
2023-07-28,-1574000.0,1.19,0.043176,100117000.0,0.0,-1574000.0
2023-07-31,403000.0,1.18,-0.012912,100520000.0,403000.0,0.0
2023-08-01,5611000.0,1.09,-0.075442,106131000.0,5611000.0,0.0
2023-08-02,0.0,0.98,-0.096504,106131000.0,0.0,0.0
2023-08-03,0.0,1.08,0.097509,106131000.0,0.0,0.0
2023-08-04,7216000.0,1.09,0.012419,113347000.0,7216000.0,0.0
2023-08-07,0.0,1.25,0.147826,113347000.0,0.0,0.0
2023-08-08,22970000.0,1.33,0.056037,136317000.0,22970000.0,0.0
2023-08-09,-1186000.0,1.58,0.193564,135131000.0,0.0,-1186000.0
2023-08-10,-29628000.0,1.35,-0.147084,105503000.0,0.0,-29628000.0
2023-08-11,-7906000.0,1.39,0.033814,97597000.0,0.0,-7906000.0
2023-08-14,-9677000.0,1.42,0.018122,87920000.0,0.0,-9677000.0
2023-08-15,0.0,1.32,-0.068609,87920000.0,0.0,0.0
2023-08-16,0.0,1.24,-0.065639,87920000.0,0.0,0.0
2023-08-17,0.0,1.27,0.026173,87920000.0,0.0,0.0
2023-08-18,1787000.0,1.18,-0.071171,89707000.0,1787000.0,0.0
2023-08-21,1222000.0,1.21,0.025759,90929000.0,1222000.0,0.0
2023-08-22,3198000.0,1.11,-0.081676,94127000.0,3198000.0,0.0
2023-08-23,2117000.0,1.04,-0.059814,96244000.0,2117000.0,0.0
2023-08-24,1968000.0,1.09,0.048344,98212000.0,1968000.0,0.0
2023-08-25,3415000.0,1.14,0.040792,101627000.0,3415000.0,0.0
2023-08-28,0.0,1.11,-0.027576,101627000.0,0.0,0.0
2023-08-29,7054000.0,1.06,-0.042437,108681000.0,7054000.0,0.0
2023-08-30,1420000.0,1.18,0.116645,110101000.0,1420000.0,0.0
2023-08-31,10127000.0,1.15,-0.032009,120228000.0,10127000.0,0.0
2023-09-01,4747000.0,1.11,-0.034261,124975000.0,4747000.0,0.0
2023-09-05,-12692000.0,0.98,-0.115432,112283000.0,0.0,-12692000.0
2023-09-06,-931000.0,0.93,-0.0481,111352000.0,0.0,-931000.0
2023-09-07,10101000.0,0.95,0.015361,121453000.0,10101000.0,0.0
2023-09-08,6379000.0,0.95,0.008167,127832000.0,6379000.0,0.0
2023-09-11,4829000.0,0.93,-0.028871,132661000.0,4829000.0,0.0
2023-09-12,270000.0,0.98,0.060884,132931000.0,270000.0,0.0
2023-09-13,1354000.0,0.97,-0.015781,134285000.0,1354000.0,0.0
2023-09-14,-285000.0,0.95,-0.018199,134000000.0,0.0,-285000.0
2023-09-15,-894000.0,0.89,-0.05799,133106000.0,0.0,-894000.0
2023-09-18,-751000.0,0.94,0.049486,132355000.0,0.0,-751000.0
2023-09-19,0.0,0.93,-0.014059,132355000.0,0.0,0.0
2023-09-20,2289000.0,0.87,-0.060224,134644000.0,2289000.0,0.0
2023-09-21,0.0,0.83,-0.044273,134644000.0,0.0,0.0
2023-09-22,0.0,0.85,0.02761,134644000.0,0.0,0.0
2023-09-25,2108000.0,0.89,0.04021,136752000.0,2108000.0,0.0
2023-09-26,0.0,0.82,-0.074469,136752000.0,0.0,0.0
2023-09-27,1270000.0,0.85,0.029525,138022000.0,1270000.0,0.0
2023-09-28,0.0,0.89,0.04565,138022000.0,0.0,0.0
2023-09-29,0.0,0.86,-0.025097,138022000.0,0.0,0.0
2023-10-02,0.0,0.8,-0.071356,138022000.0,0.0,0.0
2023-10-03,-1552000.0,0.86,0.074275,136470000.0,0.0,-1552000.0
2023-10-04,-606000.0,0.87,0.006388,135864000.0,0.0,-606000.0
2023-10-05,935000.0,1.02,0.172639,136799000.0,935000.0,0.0
2023-10-06,-2207000.0,1.13,0.111141,134592000.0,0.0,-2207000.0
2023-10-09,0.0,1.12,-0.011218,134592000.0,0.0,0.0
2023-10-10,-1097000.0,1.15,0.026723,133495000.0,0.0,-1097000.0
2023-10-11,-23978000.0,1.15,0.000663,109517000.0,0.0,-23978000.0
2023-10-12,-411000.0,1.13,-0.011704,109106000.0,0.0,-411000.0
2023-10-13,-2134000.0,1.09,-0.040192,106972000.0,0.0,-2134000.0
2023-10-16,0.0,1.0,-0.079848,106972000.0,0.0,0.0
2023-10-17,0.0,0.99,-0.011235,106972000.0,0.0,0.0
2023-10-18,3094000.0,0.99,-0.000745,110066000.0,3094000.0,0.0
2023-10-19,792000.0,0.88,-0.105164,110858000.0,792000.0,0.0
2023-10-20,1162000.0,0.83,-0.056992,112020000.0,1162000.0,0.0
2023-10-23,235000.0,0.84,0.003607,112255000.0,235000.0,0.0
2023-10-24,8994000.0,0.87,0.044468,121249000.0,8994000.0,0.0
2023-10-25,3981000.0,0.92,0.04718,125230000.0,3981000.0,0.0
2023-10-26,0.0,0.98,0.072153,125230000.0,0.0,0.0
2023-10-27,-1343000.0,0.99,0.008966,123887000.0,0.0,-1343000.0
2023-10-30,0.0,0.89,-0.103889,123887000.0,0.0,0.0
2023-10-31,-1408000.0,1.05,0.187292,122479000.0,0.0,-1408000.0
2023-11-01,-10050000.0,1.0,-0.047146,112429000.0,0.0,-10050000.0
2023-11-02,301000.0,1.0,-0.00234,112730000.0,301000.0,0.0
2023-11-03,-1085000.0,1.04,0.036056,111645000.0,0.0,-1085000.0
2023-11-06,352000.0,0.85,-0.18239,111997000.0,352000.0,0.0
2023-11-07,-388000.0,0.78,-0.08496,111609000.0,0.0,-388000.0
2023-11-08,2987000.0,0.73,-0.06475,114596000.0,2987000.0,0.0
2023-11-09,11727000.0,0.69,-0.047282,126323000.0,11727000.0,0.0
2023-11-10,5380000.0,0.66,-0.048228,131703000.0,5380000.0,0.0
2023-11-13,4776000.0,0.73,0.102991,136479000.0,4776000.0,0.0
2023-11-14,3049000.0,0.67,-0.073523,139528000.0,3049000.0,0.0
2023-11-15,0.0,0.7,0.043256,139528000.0,0.0,0.0
2023-11-16,644000.0,0.63,-0.107868,140172000.0,644000.0,0.0
2023-11-17,1285000.0,0.57,-0.097802,141457000.0,1285000.0,0.0
2023-11-20,0.0,0.52,-0.074762,141457000.0,0.0,0.0
2023-11-21,3784000.0,0.49,-0.060794,145241000.0,3784000.0,0.0
2023-11-22,2814000.0,0.51,0.036683,148055000.0,2814000.0,0.0
2023-11-24,3210000.0,0.49,-0.034134,151265000.0,3210000.0,0.0
2023-11-27,863000.0,0.47,-0.051764,152128000.0,863000.0,0.0
2023-11-28,905000.0,0.42,-0.103485,153033000.0,905000.0,0.0
2023-11-29,3444000.0,0.41,-0.031045,156477000.0,3444000.0,0.0
2023-11-30,398000.0,0.4,-0.006471,156875000.0,398000.0,0.0
2023-12-01,3115000.0,0.41,0.010891,159990000.0,3115000.0,0.0
2023-12-04,379000.0,0.35,-0.131863,160369000.0,379000.0,0.0
2023-12-05,935000.0,0.36,0.01814,161304000.0,935000.0,0.0
2023-12-06,906000.0,0.3,-0.168676,162210000.0,906000.0,0.0
2023-12-07,1417000.0,0.3,0.003605,163627000.0,1417000.0,0.0
2023-12-08,1202000.0,0.29,-0.020968,164829000.0,1202000.0,0.0
2023-12-11,4326000.0,0.24,-0.183244,169155000.0,4326000.0,0.0
2023-12-12,0.0,0.21,-0.132709,169155000.0,0.0,0.0
2023-12-13,4368000.0,0.23,0.084676,173523000.0,4368000.0,0.0
2023-12-14,439000.0,0.24,0.080458,173962000.0,439000.0,0.0
2023-12-15,2806000.0,0.26,0.077009,176768000.0,2806000.0,0.0
2023-12-18,0.0,0.26,-0.011546,176768000.0,0.0,0.0
2023-12-19,891000.0,0.23,-0.097414,177659000.0,891000.0,0.0
2023-12-20,0.0,0.23,-0.034888,177659000.0,0.0,0.0
2023-12-21,0.0,0.25,0.122309,177659000.0,0.0,0.0
2023-12-22,2544000.0,0.26,0.023539,180203000.0,2544000.0,0.0
2023-12-26,0.0,0.24,-0.078869,180203000.0,0.0,0.0
2023-12-27,-299000.0,0.25,0.041258,179904000.0,0.0,-299000.0
2023-12-28,-447000.0,0.28,0.119445,179457000.0,0.0,-447000.0
2023-12-29,-280000.0,0.26,-0.063066,179177000.0,0.0,-280000.0
2024-01-02,0.0,0.28,0.076142,179177000.0,0.0,0.0
2024-01-03,-1108000.0,0.3,0.077983,178069000.0,0.0,-1108000.0
2024-01-04,-620000.0,0.34,0.136051,177449000.0,0.0,-620000.0
2024-01-08,-6876000.0,0.36,0.044563,170573000.0,0.0,-6876000.0
2024-01-09,-417000.0,0.4,0.112409,170156000.0,0.0,-417000.0
2024-01-10,860000.0,0.34,-0.140948,171016000.0,860000.0,0.0
2024-01-11,-4263000.0,0.34,-0.022368,166753000.0,0.0,-4263000.0
2024-01-12,229000.0,0.36,0.080302,166982000.0,229000.0,0.0
2024-01-16,1177000.0,0.31,-0.144144,168159000.0,1177000.0,0.0
2024-01-17,-1673000.0,0.32,0.026931,166486000.0,0.0,-1673000.0
2024-01-18,3309000.0,0.29,-0.082406,169795000.0,3309000.0,0.0
2024-01-19,1813000.0,0.24,-0.174421,171608000.0,1813000.0,0.0
2024-01-22,-431000.0,0.2,-0.162619,171177000.0,0.0,-431000.0
2024-01-23,1006000.0,0.22,0.078355,172183000.0,1006000.0,0.0
2024-01-24,5904000.0,0.24,0.105022,178087000.0,5904000.0,0.0
2024-01-25,8589000.0,0.22,-0.100089,186676000.0,8589000.0,0.0
2024-01-26,-282000.0,0.22,-0.001336,186394000.0,0.0,-282000.0
2024-01-29,-1368000.0,0.18,-0.151205,185026000.0,0.0,-1368000.0
2024-01-30,282000.0,0.19,0.021572,185308000.0,282000.0,0.0
2024-01-31,2369000.0,0.19,0.024271,187677000.0,2369000.0,0.0
2024-02-01,3736000.0,0.18,-0.080595,191413000.0,3736000.0,0.0
2024-02-02,584000.0,0.18,0.032003,191997000.0,584000.0,0.0
2024-02-05,0.0,0.18,-0.017147,191997000.0,0.0,0.0
2024-02-06,-259000.0,0.16,-0.096865,191738000.0,0.0,-259000.0
2024-02-07,2685000.0,0.16,-0.040343,194423000.0,2685000.0,0.0
2024-02-08,1071000.0,0.15,-0.044538,195494000.0,1071000.0,0.0
2024-02-09,2756000.0,0.14,-0.091547,198250000.0,2756000.0,0.0
2024-02-12,2839000.0,0.12,-0.12087,201089000.0,2839000.0,0.0
2024-02-13,3482000.0,0.11,-0.084367,204571000.0,3482000.0,0.0
2024-02-14,386000.0,0.09,-0.144648,204957000.0,386000.0,0.0
2024-02-15,651000.0,0.09,-0.015137,205608000.0,651000.0,0.0
2024-02-16,4557000.0,0.1,0.073028,210165000.0,4557000.0,0.0
2024-02-20,3398000.0,0.09,-0.081069,213563000.0,3398000.0,0.0
2024-02-21,1408000.0,0.13,0.396922,214971000.0,1408000.0,0.0
2024-02-22,6881000.0,0.12,-0.033079,221852000.0,6881000.0,0.0
2024-02-23,-2028000.0,0.1,-0.190091,219824000.0,0.0,-2028000.0
2024-02-26,-919000.0,0.11,0.071526,218905000.0,0.0,-919000.0
2024-02-27,0.0,0.12,0.11741,218905000.0,0.0,0.0
2024-02-28,0.0,0.13,0.13283,218905000.0,0.0,0.0
2024-02-29,0.0,0.13,-0.064283,218905000.0,0.0,0.0
2024-03-01,835000.0,0.12,-0.049268,219740000.0,835000.0,0.0
2024-03-04,0.0,0.14,0.148921,219740000.0,0.0,0.0
2024-03-05,-508000.0,0.14,0.031841,219232000.0,0.0,-508000.0
2024-03-06,-3728000.0,0.14,-0.032902,215504000.0,0.0,-3728000.0
2024-03-07,-518000.0,0.11,-0.173694,214986000.0,0.0,-518000.0
2024-03-08,-199000.0,0.11,-0.041625,214787000.0,0.0,-199000.0
2024-03-11,-55000.0,0.1,-0.086284,214732000.0,0.0,-55000.0
2024-03-12,2540000.0,0.09,-0.054014,217272000.0,2540000.0,0.0
2024-03-13,1072000.0,0.09,-0.045076,218344000.0,1072000.0,0.0
2024-03-14,1238000.0,0.1,0.099298,219582000.0,1238000.0,0.0
2024-03-15,3906000.0,0.09,-0.120055,223488000.0,3906000.0,0.0
2024-03-18,0.0,0.09,0.075141,223488000.0,0.0,0.0
2024-03-19,430000.0,0.1,0.028731,223918000.0,430000.0,0.0
2024-03-20,877000.0,0.09,-0.049748,224795000.0,877000.0,0.0
2024-03-21,0.0,0.09,-0.027464,224795000.0,0.0,0.0
2024-03-22,942000.0,0.09,-0.033525,225737000.0,942000.0,0.0
2024-03-25,1917000.0,0.08,-0.023528,227654000.0,1917000.0,0.0
2024-03-26,934000.0,0.08,2.4e-05,228588000.0,934000.0,0.0
2024-03-27,378000.0,0.08,-0.093713,228966000.0,378000.0,0.0
2024-03-28,265000.0,0.08,0.067634,229231000.0,265000.0,0.0
2024-04-01,0.0,0.09,0.115693,229231000.0,0.0,0.0
2024-04-02,3884000.0,0.09,0.044849,233115000.0,3884000.0,0.0
2024-04-03,0.0,0.09,-0.05412,233115000.0,0.0,0.0
2024-04-04,0.0,0.08,-0.10154,233115000.0,0.0,0.0
2024-04-05,-1203000.0,0.08,0.019518,231912000.0,0.0,-1203000.0
2024-04-08,0.0,0.09,0.062084,231912000.0,0.0,0.0
2024-04-09,0.0,0.09,0.003928,231912000.0,0.0,0.0
2024-04-10,491000.0,0.09,0.006572,232403000.0,491000.0,0.0
2024-04-11,0.0,0.08,-0.078919,232403000.0,0.0,0.0
2024-04-12,-985000.0,0.08,0.040109,231418000.0,0.0,-985000.0
2024-04-15,0.0,0.08,-0.096925,231418000.0,0.0,0.0
2024-04-16,588000.0,0.08,0.064653,232006000.0,588000.0,0.0
2024-04-17,1166000.0,0.08,-0.037414,233172000.0,1166000.0,0.0
2024-04-18,688000.0,0.08,0.022259,233860000.0,688000.0,0.0
2024-04-19,2749000.0,0.08,0.005223,236609000.0,2749000.0,0.0
2024-04-22,-720000.0,0.09,0.081661,235889000.0,0.0,-720000.0
2024-04-23,-328000.0,0.09,0.040411,235561000.0,0.0,-328000.0
2024-04-24,0.0,0.08,-0.112018,235561000.0,0.0,0.0
2024-04-25,-2234000.0,0.08,0.028457,233327000.0,0.0,-2234000.0
2024-04-26,-2843000.0,0.08,-0.074254,230484000.0,0.0,-2843000.0
2024-04-29,2270000.0,0.08,0.116946,232754000.0,2270000.0,0.0
2024-04-30,283000.0,0.08,-0.068222,233037000.0,283000.0,0.0
2024-05-01,0.0,0.07,-0.068541,233037000.0,0.0,0.0
2024-05-02,-634000.0,0.08,0.086061,232403000.0,0.0,-634000.0
2024-05-03,0.0,0.09,0.10941,232403000.0,0.0,0.0
2024-05-06,0.0,0.09,0.058395,232403000.0,0.0,0.0
2024-05-07,3044000.0,0.09,0.009774,235447000.0,3044000.0,0.0
2024-05-08,0.0,0.09,0.003413,235447000.0,0.0,0.0
2024-05-09,-5875000.0,0.1,0.066353,229572000.0,0.0,-5875000.0
2024-05-10,-2021000.0,0.09,-0.063528,227551000.0,0.0,-2021000.0
2024-05-13,0.0,0.11,0.113856,227551000.0,0.0,0.0
2024-05-14,-1024000.0,0.1,-0.033836,226527000.0,0.0,-1024000.0
2024-05-15,-309000.0,0.11,0.083339,226218000.0,0.0,-309000.0
2024-05-16,-1025000.0,0.12,0.053339,225193000.0,0.0,-1025000.0
2024-05-17,-1611000.0,0.13,0.090593,223582000.0,0.0,-1611000.0
2024-05-20,-4174000.0,0.14,0.109145,219408000.0,0.0,-4174000.0
2024-05-21,-2074000.0,0.13,-0.05004,217334000.0,0.0,-2074000.0
2024-05-22,-3140000.0,0.16,0.209957,214194000.0,0.0,-3140000.0
2024-05-23,-2878000.0,0.14,-0.110707,211316000.0,0.0,-2878000.0
2024-05-24,-1487000.0,0.12,-0.153269,209829000.0,0.0,-1487000.0
2024-05-28,-3680000.0,0.13,0.047892,206149000.0,0.0,-3680000.0
2024-05-29,-1160000.0,0.11,-0.159018,204989000.0,0.0,-1160000.0
2024-05-30,908000.0,0.1,-0.0751,205897000.0,908000.0,0.0
2024-05-31,484000.0,0.1,0.017007,206381000.0,484000.0,0.0
2024-06-03,0.0,0.12,0.160047,206381000.0,0.0,0.0
2024-06-04,2441000.0,0.1,-0.143314,208822000.0,2441000.0,0.0
2024-06-05,1381000.0,0.12,0.177534,210203000.0,1381000.0,0.0
2024-06-06,-1723000.0,0.13,0.067905,208480000.0,0.0,-1723000.0
2024-06-07,0.0,0.14,0.107911,208480000.0,0.0,0.0
2024-06-10,-358000.0,0.14,-0.017788,208122000.0,0.0,-358000.0
2024-06-11,-879000.0,0.17,0.215397,207243000.0,0.0,-879000.0
2024-06-12,-5360000.0,0.16,-0.068144,201883000.0,0.0,-5360000.0
2024-06-13,-4852000.0,0.14,-0.082243,197031000.0,0.0,-4852000.0
2024-06-14,-467000.0,0.13,-0.065772,196564000.0,0.0,-467000.0
2024-06-17,-1374000.0,0.12,-0.095713,195190000.0,0.0,-1374000.0
2024-06-18,0.0,0.14,0.123202,195190000.0,0.0,0.0
2024-06-20,475000.0,0.12,-0.12937,195665000.0,475000.0,0.0
2024-06-21,245000.0,0.11,-0.028529,195910000.0,245000.0,0.0
2024-06-24,1056000.0,0.13,0.122762,196966000.0,1056000.0,0.0
2024-06-25,2361000.0,0.12,-0.086096,199327000.0,2361000.0,0.0
2024-06-26,255000.0,0.1,-0.110782,199582000.0,255000.0,0.0
2024-06-27,390000.0,0.1,-0.067937,199972000.0,390000.0,0.0
2024-06-28,1336000.0,0.09,-0.086313,201308000.0,1336000.0,0.0
2024-07-01,2399000.0,0.08,-0.122282,203707000.0,2399000.0,0.0
2024-07-02,940000.0,0.07,-0.045732,204647000.0,940000.0,0.0
2024-07-03,3702000.0,0.07,-0.008537,208349000.0,3702000.0,0.0
2024-07-05,2448000.0,0.07,-0.118813,210797000.0,2448000.0,0.0
2024-07-08,1948000.0,0.07,0.040879,212745000.0,1948000.0,0.0
2024-07-09,4677000.0,0.07,-0.027897,217422000.0,4677000.0,0.0
2024-07-10,1038000.0,0.06,-0.020193,218460000.0,1038000.0,0.0
2024-07-11,899000.0,0.06,-0.077732,219359000.0,899000.0,0.0
2024-07-12,336000.0,0.06,0.05912,219695000.0,336000.0,0.0
2024-07-15,2495000.0,0.05,-0.174903,222190000.0,2495000.0,0.0
2024-07-16,1157000.0,0.05,0.040622,223347000.0,1157000.0,0.0
2024-07-17,1154000.0,0.05,-0.157492,224501000.0,1154000.0,0.0
2024-07-18,1525000.0,0.05,0.121308,226026000.0,1525000.0,0.0
2024-07-19,4112000.0,0.05,0.00787,230138000.0,4112000.0,0.0
2024-07-23,2621000.0,22.9,0.064678,232759000.0,2621000.0,0.0
2024-07-24,0.0,20.64,-0.098463,232759000.0,0.0,0.0
2024-07-25,-471000.0,18.43,-0.107115,232288000.0,0.0,-471000.0
2024-07-26,0.0,18.38,-0.002728,232288000.0,0.0,0.0
2024-07-29,1067000.0,17.78,-0.032882,233355000.0,1067000.0,0.0
2024-07-30,1289000.0,19.82,0.115253,234644000.0,1289000.0,0.0
2024-07-31,794000.0,17.65,-0.109581,235438000.0,794000.0,0.0
2024-08-01,882000.0,16.04,-0.09156,236320000.0,882000.0,0.0
2024-08-02,0.0,15.62,-0.025724,236320000.0,0.0,0.0
2024-08-05,0.0,14.88,-0.047583,236320000.0,0.0,0.0
2024-08-06,0.0,16.54,0.111514,236320000.0,0.0,0.0
2024-08-07,483000.0,19.3,0.166917,236803000.0,483000.0,0.0
2024-08-08,3305000.0,20.14,0.043579,240108000.0,3305000.0,0.0
2024-08-09,0.0,20.74,0.029837,240108000.0,0.0,0.0
2024-08-12,326000.0,21.76,0.04923,240434000.0,326000.0,0.0
2024-08-13,0.0,20.06,-0.078095,240434000.0,0.0,0.0
2024-08-14,0.0,21.04,0.048812,240434000.0,0.0,0.0
2024-08-15,0.0,20.65,-0.018517,240434000.0,0.0,0.0
2024-08-16,0.0,18.36,-0.110873,240434000.0,0.0,0.0
2024-08-19,0.0,20.27,0.103826,240434000.0,0.0,0.0
2024-08-20,0.0,19.85,-0.020916,240434000.0,0.0,0.0
2024-08-21,0.0,19.49,-0.017738,240434000.0,0.0,0.0
2024-08-22,0.0,17.45,-0.104939,240434000.0,0.0,0.0
2024-08-23,0.0,17.13,-0.018492,240434000.0,0.0,0.0
2024-08-26,0.0,16.43,-0.040624,240434000.0,0.0,0.0
2024-08-27,630000.0,15.75,-0.041286,241064000.0,630000.0,0.0
2024-08-28,1844000.0,16.03,0.017949,242908000.0,1844000.0,0.0
2024-08-29,1083000.0,16.17,0.008369,243991000.0,1083000.0,0.0
2024-08-30,779000.0,15.57,-0.03673,244770000.0,779000.0,0.0
2024-09-03,0.0,16.55,0.062512,244770000.0,0.0,0.0
2024-09-04,942000.0,15.69,-0.05173,245712000.0,942000.0,0.0
2024-09-05,0.0,17.06,0.087371,245712000.0,0.0,0.0
2024-09-06,-1049000.0,17.42,0.020978,244663000.0,0.0,-1049000.0
2024-09-09,-400000.0,16.01,-0.080779,244263000.0,0.0,-400000.0
2024-09-10,407000.0,16.27,0.015736,244670000.0,407000.0,0.0
2024-09-11,0.0,16.81,0.033345,244670000.0,0.0,0.0
2024-09-12,0.0,17.48,0.040199,244670000.0,0.0,0.0
2024-09-13,0.0,16.45,-0.058984,244670000.0,0.0,0.0
2024-09-16,0.0,17.14,0.041705,244670000.0,0.0,0.0
2024-09-17,-726000.0,16.85,-0.016599,243944000.0,0.0,-726000.0
2024-09-18,0.0,16.42,-0.025536,243944000.0,0.0,0.0
2024-09-19,-620000.0,16.75,0.019871,243324000.0,0.0,-620000.0
2024-09-20,69000.0,19.19,0.145828,243393000.0,69000.0,0.0
2024-09-23,-479000.0,21.0,0.093979,242914000.0,0.0,-479000.0
2024-09-24,1024000.0,19.81,-0.056489,243938000.0,1024000.0,0.0
2024-09-25,-2317000.0,20.0,0.009322,241621000.0,0.0,-2317000.0
2024-09-26,-2106000.0,19.12,-0.043533,239515000.0,0.0,-2106000.0
2024-09-27,0.0,21.12,0.104303,239515000.0,0.0,0.0
2024-09-30,0.0,21.91,0.037249,239515000.0,0.0,0.0
2024-10-01,0.0,20.79,-0.051118,239515000.0,0.0,0.0
2024-10-02,-4961000.0,20.96,0.008214,234554000.0,0.0,-4961000.0
2024-10-03,-1003000.0,22.33,0.065545,233551000.0,0.0,-1003000.0
2024-10-04,0.0,21.06,-0.056999,233551000.0,0.0,0.0
2024-10-07,0.0,19.4,-0.078918,233551000.0,0.0,0.0
2024-10-08,-1177000.0,19.01,-0.019815,232374000.0,0.0,-1177000.0
2024-10-09,381000.0,17.55,-0.077159,232755000.0,381000.0,0.0
2024-10-10,1468000.0,17.23,-0.018179,234223000.0,1468000.0,0.0
2024-10-11,655000.0,16.38,-0.049311,234878000.0,655000.0,0.0
2024-10-14,0.0,14.83,-0.094613,234878000.0,0.0,0.0
2024-10-15,602000.0,15.01,0.012223,235480000.0,602000.0,0.0
2024-10-16,3173000.0,13.76,-0.083268,238653000.0,3173000.0,0.0
2024-10-17,2301000.0,13.61,-0.01058,240954000.0,2301000.0,0.0
2024-10-18,1100000.0,12.94,-0.049271,242054000.0,1100000.0,0.0
2024-10-21,1335000.0,13.35,0.031432,243389000.0,1335000.0,0.0
2024-10-22,1867000.0,14.36,0.075853,245256000.0,1867000.0,0.0
2024-10-23,2171000.0,14.35,-0.000959,247427000.0,2171000.0,0.0
2024-10-24,0.0,15.8,0.101473,247427000.0,0.0,0.0
2024-10-25,-704000.0,16.88,0.067924,246723000.0,0.0,-704000.0
2024-10-28,0.0,13.5,-0.199983,246723000.0,0.0,0.0
2024-10-29,0.0,13.45,-0.003826,246723000.0,0.0,0.0
2024-10-30,-1579000.0,13.24,-0.015355,245144000.0,0.0,-1579000.0
2024-10-31,808000.0,11.54,-0.128671,245952000.0,808000.0,0.0
2024-11-01,0.0,11.17,-0.032311,245952000.0,0.0,0.0
2024-11-04,0.0,12.31,0.10215,245952000.0,0.0,0.0
2024-11-05,2169000.0,11.09,-0.098772,248121000.0,2169000.0,0.0
2024-11-06,1828000.0,11.9,0.072516,249949000.0,1828000.0,0.0
2024-11-07,0.0,11.2,-0.058841,249949000.0,0.0,0.0
2024-11-08,0.0,10.9,-0.026834,249949000.0,0.0,0.0
2024-11-11,0.0,13.11,0.203329,249949000.0,0.0,0.0
2024-11-12,0.0,13.19,0.006274,249949000.0,0.0,0.0
2024-11-13,-74000.0,13.89,0.053013,249875000.0,0.0,-74000.0
2024-11-14,-1759000.0,12.11,-0.128179,248116000.0,0.0,-1759000.0
2024-11-15,-1368000.0,12.5,0.031693,246748000.0,0.0,-1368000.0
2024-11-18,-2015000.0,13.43,0.074805,244733000.0,0.0,-2015000.0
2024-11-19,2751000.0,14.11,0.050317,247484000.0,2751000.0,0.0
2024-11-20,-1299000.0,16.24,0.151414,246185000.0,0.0,-1299000.0
2024-11-21,-2044000.0,17.55,0.080391,244141000.0,0.0,-2044000.0
2024-11-22,-1440000.0,14.52,-0.172742,242701000.0,0.0,-1440000.0
2024-11-25,-6196000.0,16.37,0.127879,236505000.0,0.0,-6196000.0
2024-11-26,-2704000.0,16.9,0.032045,233801000.0,0.0,-2704000.0
2024-11-27,-693000.0,13.19,-0.219247,233108000.0,0.0,-693000.0
2024-11-29,0.0,14.93,0.131945,233108000.0,0.0,0.0
2024-12-02,657000.0,13.15,-0.119769,233765000.0,657000.0,0.0
2024-12-03,778000.0,11.12,-0.154066,234543000.0,778000.0,0.0
2024-12-04,1706000.0,11.18,0.005114,236249000.0,1706000.0,0.0
2024-12-05,1442000.0,11.53,0.031823,237691000.0,1442000.0,0.0
2024-12-06,3830000.0,11.26,-0.023338,241521000.0,3830000.0,0.0
2024-12-09,1234000.0,12.01,0.066003,242755000.0,1234000.0,0.0
2024-12-10,0.0,11.67,-0.028041,242755000.0,0.0,0.0
2024-12-11,-1597000.0,13.32,0.141591,241158000.0,0.0,-1597000.0
2024-12-12,1959000.0,13.51,0.014085,243117000.0,1959000.0,0.0
2024-12-13,-1550000.0,12.97,-0.039748,241567000.0,0.0,-1550000.0
2024-12-16,-1442000.0,12.24,-0.056613,240125000.0,0.0,-1442000.0
2024-12-17,-859000.0,12.59,0.028866,239266000.0,0.0,-859000.0
2024-12-18,355000.0,12.66,0.00549,239621000.0,355000.0,0.0
2024-12-19,310000.0,14.41,0.138308,239931000.0,310000.0,0.0
2024-12-20,0.0,15.62,0.083941,239931000.0,0.0,0.0
2024-12-23,-2935000.0,15.7,0.005079,236996000.0,0.0,-2935000.0
2024-12-26,-2719000.0,14.56,-0.072594,234277000.0,0.0,-2719000.0
2024-12-27,-3129000.0,15.83,0.087387,231148000.0,0.0,-3129000.0
2024-12-30,0.0,20.73,0.30931,231148000.0,0.0,0.0
2024-12-31,-870000.0,17.41,-0.160416,230278000.0,0.0,-870000.0
2025-01-02,-5773000.0,18.16,0.043553,224505000.0,0.0,-5773000.0
2025-01-03,-1556000.0,14.8,-0.185142,222949000.0,0.0,-1556000.0
2025-01-06,1208000.0,17.25,0.165742,224157000.0,1208000.0,0.0
2025-01-07,1755000.0,15.96,-0.075185,225912000.0,1755000.0,0.0
2025-01-08,1259000.0,17.99,0.127523,227171000.0,1259000.0,0.0
2025-01-09,591000.0,19.27,0.070823,227762000.0,591000.0,0.0
2025-01-10,-1522000.0,21.92,0.137955,226240000.0,0.0,-1522000.0
2025-01-13,0.0,22.49,0.025832,226240000.0,0.0,0.0
2025-01-14,-4196000.0,22.73,0.010602,222044000.0,0.0,-4196000.0
2025-01-15,-5142000.0,24.9,0.095551,216902000.0,0.0,-5142000.0
2025-01-16,-1871000.0,28.79,0.156009,215031000.0,0.0,-1871000.0
2025-01-17,-1119000.0,23.6,-0.18008,213912000.0,0.0,-1119000.0
2025-01-21,-1887000.0,21.25,-0.09967,212025000.0,0.0,-1887000.0
2025-01-22,876000.0,24.34,0.14526,212901000.0,876000.0,0.0
2025-01-23,-577000.0,23.73,-0.024806,212324000.0,0.0,-577000.0
2025-01-24,586000.0,23.43,-0.012955,212910000.0,586000.0,0.0
2025-01-27,-1205000.0,19.69,-0.159332,211705000.0,0.0,-1205000.0
2025-01-28,0.0,17.51,-0.110699,211705000.0,0.0,0.0
2025-01-29,1456000.0,18.19,0.038925,213161000.0,1456000.0,0.0
2025-01-30,1279000.0,15.99,-0.120976,214440000.0,1279000.0,0.0
2025-01-31,1379000.0,15.99,-4e-06,215819000.0,1379000.0,0.0
2025-02-03,0.0,20.13,0.258843,215819000.0,0.0,0.0
2025-02-04,0.0,18.87,-0.062949,215819000.0,0.0,0.0
2025-02-05,2170000.0,20.5,0.086356,217989000.0,2170000.0,0.0
2025-02-06,-1129000.0,21.19,0.033929,216860000.0,0.0,-1129000.0
2025-02-07,-468000.0,19.66,-0.072422,216392000.0,0.0,-468000.0
2025-02-10,-1082000.0,22.18,0.128406,215310000.0,0.0,-1082000.0
2025-02-11,-1175000.0,23.5,0.059316,214135000.0,0.0,-1175000.0
2025-02-12,0.0,24.25,0.03194,214135000.0,0.0,0.0
2025-02-13,-1769000.0,25.17,0.038064,212366000.0,0.0,-1769000.0
2025-02-14,-1885000.0,26.93,0.07004,210481000.0,0.0,-1885000.0
2025-02-18,-2468000.0,32.61,0.210736,208013000.0,0.0,-2468000.0
2025-02-19,0.0,37.75,0.157591,208013000.0,0.0,0.0
2025-02-20,-1511000.0,34.65,-0.081914,206502000.0,0.0,-1511000.0
2025-02-21,-12340000.0,35.31,0.018849,194162000.0,0.0,-12340000.0
2025-02-24,-2241000.0,32.02,-0.093055,191921000.0,0.0,-2241000.0
2025-02-25,-3683000.0,35.55,0.110204,188238000.0,0.0,-3683000.0
2025-02-26,-1082000.0,31.54,-0.112787,187156000.0,0.0,-1082000.0
2025-02-27,0.0,30.72,-0.026116,187156000.0,0.0,0.0
2025-02-28,-1084000.0,28.68,-0.066273,186072000.0,0.0,-1084000.0
2025-03-03,1395000.0,34.86,0.215525,187467000.0,1395000.0,0.0
2025-03-04,0.0,40.67,0.16663,187467000.0,0.0,0.0
2025-03-05,0.0,43.33,0.065338,187467000.0,0.0,0.0
2025-03-06,1369000.0,39.12,-0.097239,188836000.0,1369000.0,0.0
2025-03-07,-8836000.0,41.7,0.066058,180000000.0,0.0,-8836000.0
2025-03-10,0.0,44.22,0.060475,180000000.0,0.0,0.0
2025-03-11,1076000.0,43.03,-0.026847,181076000.0,1076000.0,0.0
2025-03-12,-3493000.0,32.74,-0.239202,177583000.0,0.0,-3493000.0
2025-03-13,410000.0,34.15,0.042949,177993000.0,410000.0,0.0
2025-03-14,1184000.0,33.82,-0.009676,179177000.0,1184000.0,0.0
2025-03-17,0.0,31.9,-0.056734,179177000.0,0.0,0.0
2025-03-18,1927000.0,32.12,0.007043,181104000.0,1927000.0,0.0
2025-03-19,547000.0,36.49,0.135828,181651000.0,547000.0,0.0
2025-03-20,392000.0,30.17,-0.173052,182043000.0,392000.0,0.0
2025-03-21,0.0,29.83,-0.011431,182043000.0,0.0,0.0
2025-03-24,-710000.0,28.39,-0.048051,181333000.0,0.0,-710000.0
2025-03-25,1889000.0,26.99,-0.049571,183222000.0,1889000.0,0.0
2025-03-26,0.0,26.53,-0.017053,183222000.0,0.0,0.0
2025-03-27,1374000.0,27.48,0.035791,184596000.0,1374000.0,0.0
2025-03-28,655000.0,29.76,0.083232,185251000.0,655000.0,0.0
2025-03-31,689000.0,31.3,0.05157,185940000.0,689000.0,0.0
2025-04-01,832000.0,27.75,-0.113459,186772000.0,832000.0,0.0
2025-04-02,-2669000.0,29.66,0.068852,184103000.0,0.0,-2669000.0
2025-04-03,0.0,31.08,0.047954,184103000.0,0.0,0.0
2025-04-04,0.0,24.25,-0.219844,184103000.0,0.0,0.0
2025-04-07,411000.0,20.56,-0.152051,184514000.0,411000.0,0.0
2025-04-08,-704000.0,17.6,-0.143955,183810000.0,0.0,-704000.0
2025-04-09,0.0,23.01,0.30746,183810000.0,0.0,0.0
2025-04-10,827000.0,18.38,-0.201381,184637000.0,827000.0,0.0
2025-04-11,735000.0,18.37,-0.000112,185372000.0,735000.0,0.0
2025-04-14,0.0,15.86,-0.136752,185372000.0,0.0,0.0
2025-04-15,811000.0,16.23,0.022904,186183000.0,811000.0,0.0
2025-04-16,552000.0,15.78,-0.027621,186735000.0,552000.0,0.0
2025-04-17,1744000.0,15.85,0.004924,188479000.0,1744000.0,0.0
2025-04-21,0.0,12.95,-0.183402,188479000.0,0.0,0.0
2025-04-22,1990000.0,12.44,-0.039245,190469000.0,1990000.0,0.0
2025-04-23,0.0,12.86,0.033596,190469000.0,0.0,0.0
2025-04-24,1794000.0,12.37,-0.037601,192263000.0,1794000.0,0.0
2025-04-25,2175000.0,12.43,0.00442,194438000.0,2175000.0,0.0
2025-04-28,824000.0,14.71,0.183791,195262000.0,824000.0,0.0
2025-04-29,1388000.0,15.59,0.059955,196650000.0,1388000.0,0.0
2025-04-30,347000.0,15.1,-0.031867,196997000.0,347000.0,0.0
2025-05-01,0.0,17.12,0.133699,196997000.0,0.0,0.0
2025-05-02,0.0,19.18,0.120856,196997000.0,0.0,0.0
2025-05-05,0.0,18.06,-0.058471,196997000.0,0.0,0.0
2025-05-06,-1037000.0,17.28,-0.043372,195960000.0,0.0,-1037000.0
2025-05-07,-1581000.0,19.04,0.102167,194379000.0,0.0,-1581000.0
2025-05-08,-1754000.0,18.86,-0.009728,192625000.0,0.0,-1754000.0
2025-05-09,0.0,21.11,0.119089,192625000.0,0.0,0.0
2025-05-12,0.0,19.28,-0.08669,192625000.0,0.0,0.0
2025-05-13,-679000.0,19.39,0.006091,191946000.0,0.0,-679000.0
2025-05-14,-1043000.0,17.39,-0.103515,190903000.0,0.0,-1043000.0
2025-05-15,0.0,15.97,-0.08119,190903000.0,0.0,0.0
2025-05-16,314000.0,15.69,-0.018106,191217000.0,314000.0,0.0
2025-05-19,1118000.0,12.42,-0.20821,192335000.0,1118000.0,0.0
2025-05-20,1339000.0,15.75,0.268014,193674000.0,1339000.0,0.0
2025-05-21,2167000.0,15.48,-0.017166,195841000.0,2167000.0,0.0
2025-05-22,6392000.0,14.24,-0.080137,202233000.0,6392000.0,0.0
2025-05-23,-2355000.0,15.19,0.066971,199878000.0,0.0,-2355000.0
2025-05-27,-1743000.0,15.29,0.006292,198135000.0,0.0,-1743000.0
2025-05-28,0.0,13.18,-0.137863,198135000.0,0.0,0.0
2025-05-29,1106000.0,12.86,-0.023978,199241000.0,1106000.0,0.0
2025-05-30,720000.0,12.01,-0.06659,199961000.0,720000.0,0.0
2025-06-02,0.0,14.51,0.208526,199961000.0,0.0,0.0
2025-06-03,6131000.0,14.85,0.023105,206092000.0,6131000.0,0.0
2025-06-04,1998000.0,14.69,-0.010307,208090000.0,1998000.0,0.0
2025-06-05,-1651000.0,14.35,-0.022978,206439000.0,0.0,-1651000.0
2025-06-06,0.0,15.58,0.085469,206439000.0,0.0,0.0
2025-06-09,0.0,13.87,-0.10963,206439000.0,0.0,0.0
2025-06-10,-1162000.0,12.92,-0.069003,205277000.0,0.0,-1162000.0
2025-06-11,0.0,12.71,-0.015741,205277000.0,0.0,0.0
2025-06-12,0.0,12.55,-0.012489,205277000.0,0.0,0.0
2025-06-13,2353000.0,13.45,0.071094,207630000.0,2353000.0,0.0
2025-06-16,0.0,15.15,0.126612,207630000.0,0.0,0.0
2025-06-17,3432000.0,16.42,0.083896,211062000.0,3432000.0,0.0
2025-06-18,0.0,17.9,0.089991,211062000.0,0.0,0.0
2025-06-20,-7589000.0,16.32,-0.088129,203473000.0,0.0,-7589000.0
2025-06-23,-2455000.0,14.7,-0.099168,201018000.0,0.0,-2455000.0
2025-06-24,-3730000.0,12.95,-0.119139,197288000.0,0.0,-3730000.0
2025-06-25,1344000.0,12.22,-0.056681,198632000.0,1344000.0,0.0
2025-06-26,2380000.0,11.9,-0.025965,201012000.0,2380000.0,0.0
2025-06-27,2983000.0,13.94,0.171472,203995000.0,2983000.0,0.0
2025-06-30,3278000.0,11.0,-0.210887,207273000.0,3278000.0,0.0
2025-07-01,4222000.0,10.56,-0.040411,211495000.0,4222000.0,0.0
2025-07-02,-593000.0,11.18,0.059245,210902000.0,0.0,-593000.0
2025-07-03,8468000.0,10.42,-0.068365,219370000.0,8468000.0,0.0
2025-07-07,3138000.0,10.46,0.004377,222508000.0,3138000.0,0.0
2025-07-08,227000.0,9.86,-0.057626,222735000.0,227000.0,0.0
2025-07-09,2343000.0,8.84,-0.103377,225078000.0,2343000.0,0.0
2025-07-10,-977000.0,9.77,0.105299,224101000.0,0.0,-977000.0
2025-07-11,5899000.0,9.67,-0.010161,230000000.0,5899000.0,0.0
2025-07-14,6845000.0,10.88,0.125244,236845000.0,6845000.0,0.0
2025-07-15,-7168000.0,11.38,0.045514,229677000.0,0.0,-7168000.0
2025-07-16,-6396000.0,11.63,0.022022,223281000.0,0.0,-6396000.0
2025-07-17,-1608000.0,11.49,-0.012147,221673000.0,0.0,-1608000.0
2025-07-18,-3730000.0,11.65,0.014619,217943000.0,0.0,-3730000.0
2025-07-21,-2393000.0,9.2,-0.210282,215550000.0,0.0,-2393000.0
2025-07-22,0.0,8.67,-0.05828,215550000.0,0.0,0.0
2025-07-23,1690000.0,7.44,-0.141071,217240000.0,1690000.0,0.0
2025-07-24,8986000.0,7.68,0.031649,226226000.0,8986000.0,0.0
2025-07-25,4925000.0,7.69,0.001817,231151000.0,4925000.0,0.0
2025-07-28,9407000.0,7.1,-0.077342,240558000.0,9407000.0,0.0
2025-07-29,949000.0,7.59,0.069,241507000.0,949000.0,0.0
2025-07-30,1418000.0,6.92,-0.088664,242925000.0,1418000.0,0.0
2025-07-31,2101000.0,7.25,0.047558,245026000.0,2101000.0,0.0
2025-08-01,0.0,7.16,-0.012161,245026000.0,0.0,0.0
2025-08-04,0.0,6.14,-0.142052,245026000.0,0.0,0.0
2025-08-05,5763000.0,6.57,0.070111,250789000.0,5763000.0,0.0
2025-08-06,0.0,7.0,0.065624,250789000.0,0.0,0.0
2025-08-07,5316000.0,6.95,-0.007565,256105000.0,5316000.0,0.0
2025-08-08,0.0,6.42,-0.075714,256105000.0,0.0,0.0
2025-08-11,0.0,6.24,-0.027972,256105000.0,0.0,0.0
2025-08-12,499000.0,5.48,-0.122051,256604000.0,499000.0,0.0
2025-08-13,826000.0,5.5,0.004284,257430000.0,826000.0,0.0
2025-08-14,535000.0,5.46,-0.009012,257965000.0,535000.0,0.0
2025-08-15,6993000.0,5.73,0.050699,264958000.0,6993000.0,0.0
2025-08-18,1049000.0,5.52,-0.036513,266007000.0,1049000.0,0.0
2025-08-19,1026000.0,4.96,-0.102772,267033000.0,1026000.0,0.0
2025-08-20,1493000.0,4.82,-0.027994,268526000.0,1493000.0,0.0
2025-08-21,1138000.0,5.1,0.05938,269664000.0,1138000.0,0.0
2025-08-22,2351000.0,4.7,-0.078536,272015000.0,2351000.0,0.0
2025-08-25,0.0,4.63,-0.014234,272015000.0,0.0,0.0
2025-08-26,547000.0,4.56,-0.01622,272562000.0,547000.0,0.0
2025-08-27,463000.0,4.92,0.07953,273025000.0,463000.0,0.0
2025-08-28,3908000.0,5.14,0.044794,276933000.0,3908000.0,0.0
2025-08-29,0.0,5.48,0.066254,276933000.0,0.0,0.0
2025-09-02,0.0,5.49,0.001749,276933000.0,0.0,0.0
2025-09-03,-1709000.0,5.7,0.036878,275224000.0,0.0,-1709000.0
2025-09-04,1022000.0,5.68,-0.002669,276246000.0,1022000.0,0.0
2025-09-05,-1036000.0,5.45,-0.04001,275210000.0,0.0,-1036000.0
2025-09-08,-2228000.0,5.57,0.021607,272982000.0,0.0,-2228000.0
2025-09-09,-1127000.0,5.64,0.011756,271855000.0,0.0,-1127000.0
2025-09-10,0.0,5.38,-0.045013,271855000.0,0.0,0.0
2025-09-11,1337000.0,5.14,-0.044958,273192000.0,1337000.0,0.0
2025-09-12,1759000.0,5.03,-0.022347,274951000.0,1759000.0,0.0
2025-09-15,920000.0,5.29,0.051911,275871000.0,920000.0,0.0
2025-09-16,1627000.0,5.55,0.050304,277498000.0,1627000.0,0.0
2025-09-17,282000.0,5.65,0.016732,277780000.0,282000.0,0.0
2025-09-18,677000.0,5.21,-0.077934,278457000.0,677000.0,0.0
2025-09-19,255000.0,5.1,-0.021035,278712000.0,255000.0,0.0
2025-09-22,-1474000.0,4.73,-0.072762,277238000.0,0.0,-1474000.0
2025-09-23,2416000.0,4.74,0.002406,279654000.0,2416000.0,0.0
2025-09-24,0.0,4.74,0.000811,279654000.0,0.0,0.0
2025-09-25,3491000.0,4.99,0.052019,283145000.0,3491000.0,0.0
2025-09-26,0.0,5.1,0.023617,283145000.0,0.0,0.0
2025-09-29,-1056000.0,5.28,0.034322,282089000.0,0.0,-1056000.0
2025-09-30,0.0,5.26,-0.003081,282089000.0,0.0,0.0
2025-10-01,0.0,5.99,0.137609,282089000.0,0.0,0.0
2025-10-02,-2762000.0,6.14,0.025111,279327000.0,0.0,-2762000.0
2025-10-03,-1995000.0,5.87,-0.044009,277332000.0,0.0,-1995000.0
2025-10-06,-3526000.0,5.78,-0.014913,273806000.0,0.0,-3526000.0
2025-10-07,-6386000.0,6.26,0.082981,267420000.0,0.0,-6386000.0
2025-10-08,0.0,5.71,-0.087486,267420000.0,0.0,0.0
2025-10-09,0.0,5.38,-0.058878,267420000.0,0.0,0.0
2025-10-10,-2462000.0,4.92,-0.08427,264958000.0,0.0,-2462000.0
2025-10-13,0.0,4.88,-0.009259,264958000.0,0.0,0.0
2025-10-14,4099000.0,4.55,-0.066383,269057000.0,4099000.0,0.0
2025-10-15,3764000.0,4.44,-0.02536,272821000.0,3764000.0,0.0
2025-10-16,2966000.0,4.3,-0.031576,275787000.0,2966000.0,0.0
2025-10-17,4183000.0,4.65,0.081299,279970000.0,4183000.0,0.0
2025-10-20,3298000.0,5.55,0.194543,283268000.0,3298000.0,0.0
2025-10-21,1595000.0,5.74,0.033303,284863000.0,1595000.0,0.0
2025-10-22,-1116000.0,5.58,-0.027474,283747000.0,0.0,-1116000.0
2025-10-23,-5326000.0,5.55,-0.005544,278421000.0,0.0,-5326000.0
2025-10-24,0.0,5.38,-0.030623,278421000.0,0.0,0.0
2025-10-27,0.0,5.37,-0.001394,278421000.0,0.0,0.0
2025-10-28,-3807000.0,4.88,-0.091329,274614000.0,0.0,-3807000.0
2025-10-29,-708000.0,4.72,-0.033332,273906000.0,0.0,-708000.0
2025-10-30,2192000.0,5.1,0.080546,276098000.0,2192000.0,0.0
2025-10-31,3866000.0,5.69,0.116989,279964000.0,3866000.0,0.0
2025-11-03,0.0,6.21,0.090578,279964000.0,0.0,0.0
2025-11-04,-5987000.0,6.51,0.047933,273977000.0,0.0,-5987000.0
2025-11-05,-4384000.0,6.04,-0.072153,269593000.0,0.0,-4384000.0
2025-11-06,-4209000.0,6.48,0.072544,265384000.0,0.0,-4209000.0
2025-11-07,-6467000.0,6.34,-0.021007,258917000.0,0.0,-6467000.0
2025-11-10,-3210000.0,6.42,0.012739,255707000.0,0.0,-3210000.0
2025-11-11,0.0,7.21,0.122346,255707000.0,0.0,0.0
2025-11-12,0.0,7.18,-0.003833,255707000.0,0.0,0.0
2025-11-13,0.0,7.55,0.052121,255707000.0,0.0,0.0
2025-11-14,-7033000.0,7.25,-0.040039,248674000.0,0.0,-7033000.0
2025-11-17,-2635000.0,6.59,-0.091306,246039000.0,0.0,-2635000.0
2025-11-18,-2768000.0,6.44,-0.023033,243271000.0,0.0,-2768000.0
2025-11-19,1376000.0,7.02,0.090625,244647000.0,1376000.0,0.0
2025-11-20,3663000.0,6.66,-0.051182,248310000.0,3663000.0,0.0
2025-11-21,-803000.0,6.98,0.048578,247507000.0,0.0,-803000.0
2025-11-24,0.0,6.64,-0.049228,247507000.0,0.0,0.0
2025-11-25,-1904000.0,5.77,-0.131221,245603000.0,0.0,-1904000.0
2025-11-26,0.0,6.01,0.042085,245603000.0,0.0,0.0
2025-11-28,3639000.0,7.0,0.163936,249242000.0,3639000.0,0.0
2025-12-01,1097000.0,7.32,0.045413,250339000.0,1097000.0,0.0
2025-12-02,0.0,7.13,-0.024772,250339000.0,0.0,0.0
2025-12-03,-5437000.0,8.0,0.120735,244902000.0,0.0,-5437000.0
2025-12-04,-2693000.0,8.41,0.052464,242209000.0,0.0,-2693000.0
2025-12-05,-2876000.0,9.28,0.102563,239333000.0,0.0,-2876000.0
2025-12-08,-3487000.0,6.97,-0.248315,235846000.0,0.0,-3487000.0
2025-12-09,-4401000.0,5.87,-0.158488,231445000.0,0.0,-4401000.0
2025-12-10,-3585000.0,5.98,0.018247,227860000.0,0.0,-3585000.0
2025-12-11,3146000.0,5.24,-0.122528,231006000.0,3146000.0,0.0
2025-12-12,4224000.0,4.46,-0.148485,235230000.0,4224000.0,0.0
2025-12-15,3661000.0,4.21,-0.05744,238891000.0,3661000.0,0.0
2025-12-16,5278000.0,3.91,-0.071074,244169000.0,5278000.0,0.0
2025-12-17,6914000.0,4.19,0.071811,251083000.0,6914000.0,0.0
2025-12-18,5169000.0,3.69,-0.1188,256252000.0,5169000.0,0.0
2025-12-19,2555000.0,3.65,-0.011286,258807000.0,2555000.0,0.0
2025-12-22,1414000.0,3.21,-0.119488,260221000.0,1414000.0,0.0
2025-12-23,7709000.0,3.91,0.217457,267930000.0,7709000.0,0.0
2025-12-24,2627000.0,3.65,-0.067599,270557000.0,2627000.0,0.0
2025-12-26,0.0,3.98,0.08963,270557000.0,0.0,0.0
2025-12-29,7729000.0,4.18,0.050738,278286000.0,7729000.0,0.0
2025-12-30,-784000.0,4.13,-0.012517,277502000.0,0.0,-784000.0
2025-12-31,-4946000.0,3.32,-0.195319,272556000.0,0.0,-4946000.0
2026-01-02,-1369000.0,3.04,-0.083432,271187000.0,0.0,-1369000.0
2026-01-05,-1141000.0,2.59,-0.147899,270046000.0,0.0,-1141000.0
2026-01-06,6625000.0,2.42,-0.067386,276671000.0,6625000.0,0.0
2026-01-07,9173000.0,2.64,0.090113,285844000.0,9173000.0,0.0
2026-01-08,5053000.0,2.38,-0.097863,290897000.0,5053000.0,0.0
2026-01-09,2394000.0,1.92,-0.191196,293291000.0,2394000.0,0.0
2026-01-12,0.0,2.38,0.236348,293291000.0,0.0,0.0
2026-01-13,13677000.0,2.45,0.030804,306968000.0,13677000.0,0.0
2026-01-14,409000.0,2.05,-0.165601,307377000.0,409000.0,0.0
2026-01-15,685000.0,1.96,-0.042772,308062000.0,685000.0,0.0
2026-01-16,281000.0,2.01,0.024422,308343000.0,281000.0,0.0
2026-01-20,14137000.0,3.06,0.526488,322480000.0,14137000.0,0.0
2026-01-21,1427000.0,3.76,0.226806,323907000.0,1427000.0,0.0
2026-01-22,-4436000.0,3.86,0.027022,319471000.0,0.0,-4436000.0
2026-01-23,-35710000.0,3.95,0.024115,283761000.0,0.0,-35710000.0
2026-01-26,-17195000.0,4.48,0.133579,266566000.0,0.0,-17195000.0
2026-01-27,-4525000.0,4.53,0.010618,262041000.0,0.0,-4525000.0
2026-01-28,-5245000.0,4.23,-0.065375,256796000.0,0.0,-5245000.0
2026-01-29,-464000.0,4.64,0.097728,256332000.0,0.0,-464000.0
2026-01-30,0.0,5.84,0.25891,256332000.0,0.0,0.0
2026-02-02,-2626000.0,2.14,-0.63327,253706000.0,0.0,-2626000.0
2026-02-03,-3582000.0,2.18,0.018887,250124000.0,0.0,-3582000.0
2026-02-04,-7526000.0,2.42,0.108057,242598000.0,0.0,-7526000.0
2026-02-05,13661000.0,2.47,0.02081,256259000.0,13661000.0,0.0
2026-02-06,3391000.0,2.25,-0.090965,259650000.0,3391000.0,0.0
2026-02-09,-309000.0,1.87,-0.166686,259341000.0,0.0,-309000.0
2026-02-10,-4206000.0,1.83,-0.022727,255135000.0,0.0,-4206000.0
2026-02-11,4391000.0,1.91,0.043975,259526000.0,4391000.0,0.0
2026-02-12,5411000.0,1.92,0.006395,264937000.0,5411000.0,0.0
2026-02-13,3617000.0,1.95,0.017407,268554000.0,3617000.0,0.0
2026-02-17,0.0,1.66,-0.151134,268554000.0,0.0,0.0
2026-02-18,-1037000.0,1.65,-0.008128,267517000.0,0.0,-1037000.0
2026-02-19,3772000.0,1.67,0.01623,271289000.0,3772000.0,0.0
2026-02-20,8260000.0,1.73,0.036318,279549000.0,8260000.0,0.0
2026-02-23,0.0,1.63,-0.060953,279549000.0,0.0,0.0
2026-02-24,0.0,1.48,-0.091738,279549000.0,0.0,0.0
2026-02-25,0.0,1.53,0.035727,279549000.0,0.0,0.0
2026-02-26,1681000.0,1.48,-0.034336,281230000.0,1681000.0,0.0
2026-02-27,1597000.0,1.52,0.028397,282827000.0,1597000.0,0.0
2026-03-02,1432000.0,1.69,0.108148,284259000.0,1432000.0,0.0
2026-03-03,-1635000.0,1.84,0.090459,282624000.0,0.0,-1635000.0
2026-03-04,7953000.0,1.6,-0.131744,290577000.0,7953000.0,0.0
2026-03-05,1592000.0,1.73,0.084682,292169000.0,1592000.0,0.0
2026-03-06,2014000.0,2.03,0.175582,294183000.0,2014000.0,0.0
2026-03-09,3702000.0,1.9,-0.066929,297885000.0,3702000.0,0.0
2026-03-10,0.0,1.72,-0.091536,297885000.0,0.0,0.0
2026-03-11,-2611000.0,2.01,0.164751,295274000.0,0.0,-2611000.0
2026-03-12,-3032000.0,2.02,0.006395,292242000.0,0.0,-3032000.0
2026-03-13,0.0,1.84,-0.087749,292242000.0,0.0,0.0
2026-03-16,-2306000.0,1.65,-0.106933,289936000.0,0.0,-2306000.0
2026-03-17,0.0,1.65,-2.3e-05,289936000.0,0.0,0.0
2026-03-18,-2358000.0,1.68,0.022915,287578000.0,0.0,-2358000.0
